,Predictions,Actual
0,3,3
1,8,8
2,9,8
3,0,0
4,6,6
5,6,6
6,7,1
7,6,6
8,6,3
9,3,1
10,0,0
11,9,9
12,6,5
13,5,7
14,9,9
15,6,8
16,3,5
17,3,7
18,8,8
19,6,6
20,9,7
21,0,0
22,0,4
23,1,9
24,4,5
25,2,2
26,7,4
27,7,0
28,9,9
29,6,6
30,6,6
31,5,5
32,4,4
33,3,5
34,9,9
35,5,2
36,7,4
37,9,1
38,9,9
39,5,5
40,4,4
41,6,6
42,7,5
43,3,6
44,0,0
45,9,9
46,3,3
47,8,9
48,4,7
49,6,6
50,0,9
51,8,8
52,0,0
53,3,3
54,8,8
55,8,8
56,3,7
57,5,7
58,8,4
59,3,6
60,7,7
61,3,3
62,6,6
63,3,3
64,6,6
65,4,2
66,9,1
67,2,2
68,3,3
69,9,7
70,0,2
71,6,6
72,8,8
73,8,8
74,0,0
75,2,2
76,7,9
77,5,3
78,5,3
79,8,8
80,8,8
81,1,1
82,1,1
83,7,7
84,2,2
85,7,5
86,2,2
87,7,7
88,8,8
89,9,9
90,0,0
91,6,3
92,7,8
93,6,6
94,4,4
95,6,6
96,6,6
97,0,0
98,0,0
99,7,7
100,7,4
101,6,5
102,6,6
103,3,3
104,1,1
105,1,1
106,2,3
107,6,6
108,1,8
109,7,7
110,4,4
111,0,0
112,2,6
113,5,2
114,1,1
115,3,3
116,0,0
117,7,4
118,5,2
119,1,7
120,2,8
121,2,3
122,9,1
123,2,2
124,8,8
125,3,0
126,8,8
127,3,3
128,2,5
129,0,2
130,6,4
131,1,1
132,8,8
133,9,9
134,6,1
135,3,2
136,9,9
137,9,7
138,4,2
139,8,9
140,6,6
141,5,5
142,6,6
143,3,3
144,1,8
145,3,7
146,6,6
147,5,2
148,5,5
149,2,2
150,8,8
151,3,9
152,6,6
153,9,0
154,0,0
155,1,5
156,3,2
157,3,9
158,3,5
159,4,4
160,0,2
161,1,1
162,5,6
163,6,6
164,1,8
165,0,4
166,8,8
167,4,4
168,5,5
169,0,0
170,9,9
171,9,9
172,4,9
173,8,8
174,8,9
175,7,9
176,4,3
177,7,7
178,5,5
179,0,0
180,0,0
181,5,5
182,2,2
183,6,2
184,0,3
185,8,8
186,6,6
187,3,3
188,3,4
189,8,0
190,6,5
191,8,8
192,7,0
193,9,1
194,6,7
195,4,2
196,8,8
197,8,8
198,3,7
199,8,8
200,5,5
201,8,1
202,8,8
203,7,7
204,1,1
205,3,3
206,0,0
207,4,5
208,7,7
209,8,9
210,5,7
211,9,4
212,5,5
213,9,9
214,8,8
215,0,0
216,7,7
217,9,9
218,8,8
219,2,2
220,7,7
221,5,6
222,9,9
223,4,4
224,3,3
225,1,9
226,9,6
227,3,4
228,5,7
229,6,6
230,5,5
231,9,1
232,5,5
233,8,8
234,8,8
235,0,0
236,4,4
237,9,0
238,2,5
239,3,5
240,1,1
241,9,1
242,1,8
243,9,9
244,0,0
245,1,3
246,1,1
247,9,9
248,2,2
249,0,2
250,5,5
251,5,3
252,9,9
253,1,9
254,6,4
255,8,0
256,3,3
257,0,0
258,8,0
259,9,9
260,1,8
261,1,1
262,1,5
263,5,7
264,0,0
265,0,8
266,0,2
267,4,4
268,7,7
269,0,0
270,3,2
271,7,3
272,6,6
273,3,3
274,8,8
275,6,5
276,9,0
277,6,3
278,4,4
279,7,3
280,9,9
281,1,0
282,6,6
283,1,1
284,0,0
285,9,9
286,5,1
287,8,0
288,0,7
289,1,9
290,1,1
291,2,2
292,6,6
293,9,9
294,3,3
295,2,4
296,6,6
297,0,0
298,0,0
299,6,6
300,6,6
301,6,6
302,3,3
303,8,2
304,2,6
305,9,1
306,1,8
307,4,2
308,9,1
309,4,6
310,8,8
311,6,6
312,8,8
313,0,0
314,4,4
315,0,0
316,3,7
317,7,7
318,3,5
319,3,5
320,3,3
321,3,5
322,5,2
323,3,3
324,3,4
325,1,1
326,9,7
327,5,5
328,0,4
329,6,6
330,1,1
331,0,9
332,3,3
333,6,6
334,6,6
335,9,9
336,3,3
337,8,8
338,0,0
339,1,7
340,3,2
341,6,6
342,0,2
343,5,5
344,0,8
345,3,5
346,7,4
347,6,6
348,8,8
349,9,9
350,9,9
351,1,1
352,0,0
353,2,2
354,6,2
355,3,7
356,6,3
357,2,2
358,1,8
359,0,0
360,9,9
361,5,5
362,0,8
363,8,1
364,9,9
365,4,4
366,1,1
367,5,3
368,8,8
369,1,1
370,4,4
371,7,7
372,9,9
373,4,4
374,2,2
375,7,7
376,7,0
377,7,7
378,8,0
379,6,6
380,6,6
381,6,9
382,0,0
383,1,9
384,4,2
385,0,8
386,7,7
387,7,2
388,5,2
389,5,5
390,1,1
391,2,2
392,6,6
393,5,2
394,1,9
395,6,6
396,7,2
397,1,3
398,0,0
399,5,3
400,9,9
401,1,8
402,7,7
403,8,8
404,0,8
405,4,4
406,0,0
407,1,1
408,8,8
409,5,2
410,5,7
411,9,9
412,3,3
413,6,6
414,1,1
415,9,9
416,0,0
417,7,7
418,5,3
419,7,7
420,4,4
421,3,5
422,0,0
423,0,0
424,2,2
425,7,9
426,4,3
427,4,4
428,6,0
429,6,6
430,3,2
431,3,5
432,3,3
433,3,7
434,9,3
435,5,7
436,6,2
437,5,5
438,5,3
439,9,1
440,1,1
441,4,4
442,9,9
443,9,9
444,5,5
445,7,7
446,5,5
447,0,0
448,6,2
449,0,2
450,0,2
451,9,9
452,5,7
453,9,3
454,9,9
455,2,4
456,4,3
457,6,5
458,3,4
459,9,6
460,5,5
461,6,6
462,1,1
463,4,4
464,3,3
465,4,4
466,7,4
467,2,3
468,6,7
469,7,8
470,3,3
471,7,7
472,8,8
473,8,0
474,9,5
475,7,7
476,6,6
477,0,0
478,5,5
479,7,4
480,9,8
481,6,6
482,8,8
483,3,5
484,5,5
485,7,9
486,9,9
487,7,9
488,4,5
489,8,0
490,1,1
491,0,0
492,0,8
493,1,1
494,8,1
495,8,8
496,0,0
497,2,2
498,2,2
499,0,0
500,4,4
501,6,6
502,5,5
503,4,4
504,9,9
505,7,4
506,7,7
507,8,9
508,0,9
509,4,4
510,5,5
511,6,6
512,6,6
513,9,1
514,7,5
515,1,3
516,8,8
517,6,9
518,7,5
519,0,8
520,5,5
521,7,7
522,8,0
523,7,7
524,0,0
525,3,5
526,8,0
527,0,0
528,8,4
529,2,6
530,9,9
531,3,0
532,9,9
533,5,5
534,6,6
535,4,6
536,6,6
537,2,2
538,9,9
539,1,0
540,1,1
541,3,7
542,6,6
543,7,7
544,5,5
545,9,9
546,1,1
547,6,6
548,3,2
549,9,5
550,7,5
551,0,5
552,8,8
553,5,5
554,1,9
555,8,4
556,6,6
557,5,4
558,3,3
559,2,2
560,0,0
561,7,7
562,6,6
563,5,2
564,4,2
565,5,3
566,9,9
567,3,7
568,9,9
569,4,2
570,6,6
571,7,7
572,1,1
573,1,3
574,5,6
575,6,6
576,8,8
577,3,9
578,9,7
579,5,5
580,4,4
581,0,0
582,8,8
583,4,4
584,0,0
585,9,9
586,4,3
587,4,4
588,8,8
589,9,9
590,6,6
591,9,9
592,6,2
593,6,6
594,1,1
595,7,4
596,7,7
597,9,3
598,3,5
599,3,3
600,8,8
601,5,5
602,7,0
603,2,2
604,1,1
605,6,6
606,3,4
607,2,3
608,3,3
609,9,9
610,6,6
611,0,9
612,0,8
613,8,8
614,5,5
615,9,8
616,6,6
617,6,6
618,7,2
619,5,1
620,2,7
621,1,7
622,1,1
623,4,2
624,7,7
625,1,9
626,0,9
627,4,4
628,4,4
629,1,1
630,0,2
631,5,5
632,3,6
633,6,8
634,7,7
635,6,6
636,9,8
637,6,3
638,0,0
639,2,5
640,3,5
641,6,3
642,0,0
643,7,7
644,1,9
645,7,1
646,3,3
647,4,4
648,7,4
649,5,5
650,3,3
651,7,9
652,3,5
653,6,6
654,9,9
655,8,2
656,1,1
657,6,1
658,6,4
659,4,1
660,3,9
661,4,4
662,7,7
663,6,6
664,3,3
665,8,8
666,9,9
667,0,0
668,1,1
669,2,3
670,6,6
671,3,3
672,6,6
673,3,3
674,4,2
675,9,0
676,6,3
677,1,1
678,3,0
679,5,5
680,4,9
681,6,6
682,7,4
683,9,8
684,9,9
685,6,6
686,9,9
687,6,6
688,3,3
689,9,0
690,4,3
691,2,2
692,0,2
693,7,7
694,8,8
695,8,3
696,8,8
697,3,2
698,7,7
699,3,5
700,0,7
701,0,2
702,4,4
703,9,8
704,3,7
705,4,4
706,0,2
707,9,9
708,9,8
709,8,8
710,3,6
711,0,8
712,8,8
713,5,7
714,9,4
715,5,3
716,3,3
717,9,8
718,4,4
719,8,9
720,8,4
721,8,8
722,8,8
723,1,1
724,0,8
725,8,2
726,1,1
727,1,3
728,4,6
729,5,5
730,7,4
731,0,2
732,7,7
733,9,9
734,1,9
735,2,4
736,9,1
737,0,4
738,1,1
739,3,3
740,3,2
741,9,7
742,0,0
743,0,7
744,3,9
745,7,7
746,2,6
747,6,6
748,0,2
749,3,5
750,9,9
751,0,2
752,9,9
753,1,1
754,2,2
755,2,2
756,3,6
757,8,8
758,2,2
759,1,1
760,7,3
761,5,6
762,6,6
763,9,0
764,1,1
765,2,2
766,7,7
767,9,0
768,2,5
769,4,4
770,0,6
771,1,1
772,6,6
773,6,4
774,0,0
775,4,2
776,3,2
777,6,6
778,0,0
779,6,5
780,8,9
781,1,1
782,7,7
783,6,6
784,4,7
785,0,0
786,3,3
787,9,9
788,4,6
789,8,8
790,0,3
791,0,0
792,7,3
793,9,4
794,4,7
795,7,7
796,5,1
797,4,4
798,2,7
799,6,2
800,7,7
801,1,1
802,0,4
803,7,7
804,4,4
805,4,4
806,8,8
807,4,4
808,7,7
809,5,7
810,3,5
811,3,3
812,7,7
813,2,2
814,1,0
815,8,8
816,9,9
817,4,5
818,8,8
819,4,3
820,6,6
821,2,2
822,0,0
823,8,8
824,7,7
825,2,3
826,9,7
827,6,6
828,5,5
829,0,3
830,1,1
831,6,3
832,2,2
833,2,2
834,6,5
835,4,4
836,5,1
837,2,2
838,3,9
839,2,2
840,7,7
841,8,0
842,7,7
843,2,2
844,2,1
845,3,3
846,2,2
847,0,0
848,0,2
849,4,4
850,5,7
851,1,9
852,8,8
853,1,9
854,0,0
855,7,7
856,7,7
857,0,0
858,7,7
859,8,8
860,4,4
861,6,6
862,6,3
863,3,3
864,0,0
865,1,1
866,1,3
867,7,7
868,0,0
869,1,1
870,3,3
871,1,1
872,4,4
873,2,2
874,3,3
875,9,8
876,4,4
877,2,2
878,2,3
879,7,7
880,8,8
881,4,4
882,0,3
883,0,0
884,9,9
885,0,0
886,8,0
887,6,1
888,1,0
889,4,4
890,4,4
891,6,6
892,7,7
893,0,6
894,5,1
895,9,1
896,3,3
897,7,7
898,3,3
899,5,5
900,6,2
901,6,6
902,6,6
903,5,5
904,0,8
905,7,7
906,9,1
907,6,6
908,8,8
909,1,8
910,4,5
911,3,3
912,2,0
913,6,4
914,0,0
915,1,1
916,5,3
917,8,8
918,8,8
919,0,0
920,6,6
921,9,9
922,5,9
923,9,9
924,1,5
925,5,5
926,2,8
927,6,6
928,0,0
929,8,0
930,4,4
931,2,2
932,3,3
933,3,2
934,7,7
935,7,2
936,2,2
937,5,5
938,1,9
939,8,8
940,9,9
941,1,1
942,7,7
943,4,4
944,8,0
945,5,3
946,0,0
947,1,1
948,8,3
949,1,8
950,3,3
951,0,9
952,6,6
953,1,1
954,6,4
955,7,7
956,8,0
957,6,3
958,7,7
959,1,8
960,9,9
961,1,1
962,1,1
963,6,6
964,6,6
965,5,6
966,6,6
967,9,9
968,1,1
969,9,9
970,9,9
971,4,4
972,6,2
973,1,1
974,2,7
975,0,0
976,6,6
977,8,8
978,3,1
979,9,9
980,2,2
981,9,9
982,5,0
983,4,4
984,5,7
985,8,8
986,5,3
987,1,1
988,6,2
989,0,0
990,1,1
991,2,5
992,8,8
993,7,4
994,4,6
995,5,3
996,8,8
997,9,1
998,5,3
999,8,8
1000,5,5
1001,3,0
1002,1,8
1003,4,4
1004,8,8
1005,1,1
1006,1,1
1007,8,8
1008,9,9
1009,6,6
1010,0,0
1011,8,8
1012,6,6
1013,1,1
1014,3,3
1015,4,4
1016,1,1
1017,6,6
1018,0,0
1019,0,5
1020,1,1
1021,9,1
1022,0,0
1023,0,0
1024,3,3
1025,7,5
1026,2,0
1027,0,0
1028,6,6
1029,6,6
1030,5,3
1031,5,3
1032,6,6
1033,3,3
1034,5,6
1035,4,6
1036,6,0
1037,9,7
1038,2,2
1039,6,2
1040,5,7
1041,5,5
1042,4,5
1043,0,2
1044,8,8
1045,5,5
1046,2,2
1047,8,1
1048,9,1
1049,1,4
1050,0,3
1051,6,2
1052,0,0
1053,5,3
1054,1,1
1055,5,5
1056,5,3
1057,6,7
1058,2,6
1059,8,8
1060,1,9
1061,9,1
1062,6,6
1063,3,4
1064,9,9
1065,9,3
1066,1,9
1067,0,0
1068,9,9
1069,6,6
1070,3,3
1071,6,6
1072,8,0
1073,7,7
1074,3,3
1075,8,8
1076,0,0
1077,0,0
1078,0,0
1079,6,6
1080,9,6
1081,6,6
1082,9,9
1083,2,2
1084,8,5
1085,2,4
1086,4,4
1087,6,6
1088,3,3
1089,6,6
1090,0,0
1091,8,8
1092,4,6
1093,8,0
1094,5,6
1095,6,2
1096,7,7
1097,5,5
1098,1,1
1099,0,2
1100,8,7
1101,8,8
1102,8,8
1103,0,0
1104,1,9
1105,3,4
1106,9,9
1107,7,7
1108,5,2
1109,8,0
1110,2,2
1111,8,8
1112,2,3
1113,8,8
1114,9,9
1115,9,1
1116,3,5
1117,5,5
1118,7,4
1119,7,7
1120,5,5
1121,3,3
1122,0,8
1123,3,3
1124,2,3
1125,6,6
1126,0,2
1127,8,8
1128,7,4
1129,5,3
1130,8,7
1131,9,1
1132,1,2
1133,6,4
1134,1,1
1135,3,6
1136,1,9
1137,3,0
1138,5,5
1139,0,8
1140,6,6
1141,1,1
1142,8,8
1143,6,6
1144,0,1
1145,6,4
1146,7,2
1147,6,6
1148,6,2
1149,6,7
1150,7,2
1151,2,2
1152,8,0
1153,8,8
1154,4,6
1155,9,9
1156,1,1
1157,1,7
1158,1,1
1159,8,8
1160,8,8
1161,0,0
1162,7,7
1163,7,3
1164,9,8
1165,0,0
1166,1,3
1167,7,4
1168,3,3
1169,7,7
1170,7,7
1171,7,9
1172,3,2
1173,9,3
1174,1,1
1175,9,9
1176,1,1
1177,1,9
1178,2,6
1179,3,3
1180,3,3
1181,6,3
1182,9,1
1183,0,0
1184,6,6
1185,9,1
1186,8,4
1187,1,1
1188,0,0
1189,2,0
1190,1,1
1191,1,1
1192,6,6
1193,5,5
1194,8,4
1195,6,6
1196,2,2
1197,0,0
1198,7,7
1199,9,9
1200,8,8
1201,7,7
1202,5,2
1203,8,0
1204,3,6
1205,0,8
1206,1,1
1207,8,4
1208,9,3
1209,7,7
1210,0,0
1211,6,6
1212,6,1
1213,0,8
1214,5,5
1215,7,7
1216,1,8
1217,8,4
1218,8,8
1219,5,3
1220,4,9
1221,9,9
1222,1,9
1223,0,8
1224,4,7
1225,4,6
1226,6,6
1227,3,3
1228,3,5
1229,1,1
1230,2,5
1231,1,9
1232,1,1
1233,0,4
1234,1,1
1235,5,5
1236,3,7
1237,0,0
1238,1,1
1239,0,5
1240,2,2
1241,0,0
1242,7,8
1243,8,8
1244,3,5
1245,1,6
1246,3,7
1247,3,3
1248,0,2
1249,4,4
1250,1,7
1251,2,2
1252,9,5
1253,8,8
1254,0,2
1255,8,4
1256,9,9
1257,2,2
1258,4,1
1259,8,8
1260,1,1
1261,9,9
1262,8,8
1263,8,8
1264,8,8
1265,9,9
1266,0,0
1267,4,4
1268,6,3
1269,7,3
1270,9,1
1271,8,8
1272,7,4
1273,6,6
1274,3,3
1275,3,3
1276,5,5
1277,3,2
1278,0,2
1279,1,8
1280,3,3
1281,8,8
1282,9,9
1283,5,5
1284,1,8
1285,9,9
1286,8,8
1287,9,9
1288,1,1
1289,6,6
1290,5,5
1291,9,9
1292,3,4
1293,4,4
1294,6,8
1295,0,0
1296,7,7
1297,0,2
1298,9,9
1299,7,7
1300,4,4
1301,1,1
1302,6,6
1303,2,4
1304,4,4
1305,9,9
1306,5,1
1307,0,2
1308,2,5
1309,1,6
1310,0,0
1311,8,8
1312,6,6
1313,1,1
1314,9,9
1315,7,4
1316,5,5
1317,9,9
1318,5,5
1319,0,0
1320,2,7
1321,2,2
1322,8,0
1323,8,0
1324,6,4
1325,4,2
1326,6,6
1327,6,6
1328,7,5
1329,7,5
1330,4,2
1331,0,8
1332,1,1
1333,7,7
1334,3,3
1335,1,1
1336,6,4
1337,3,5
1338,6,6
1339,3,5
1340,1,1
1341,4,4
1342,5,7
1343,0,0
1344,9,9
1345,4,4
1346,4,3
1347,8,8
1348,3,2
1349,8,8
1350,6,4
1351,7,7
1352,4,2
1353,9,3
1354,1,1
1355,3,5
1356,5,2
1357,9,9
1358,9,8
1359,9,9
1360,4,7
1361,9,9
1362,5,5
1363,1,1
1364,4,4
1365,0,0
1366,8,8
1367,2,2
1368,3,3
1369,8,8
1370,9,9
1371,1,1
1372,9,1
1373,3,3
1374,0,2
1375,7,4
1376,9,9
1377,3,3
1378,8,1
1379,7,7
1380,5,4
1381,6,6
1382,0,2
1383,8,8
1384,9,9
1385,5,5
1386,3,3
1387,9,9
1388,2,5
1389,4,5
1390,6,6
1391,7,7
1392,5,2
1393,6,4
1394,9,6
1395,8,3
1396,9,1
1397,0,0
1398,8,7
1399,0,2
1400,5,5
1401,4,4
1402,7,7
1403,6,6
1404,1,1
1405,1,1
1406,9,9
1407,8,8
1408,1,1
1409,0,0
1410,1,1
1411,3,3
1412,1,1
1413,1,1
1414,1,1
1415,7,7
1416,5,3
1417,8,9
1418,2,6
1419,8,8
1420,2,4
1421,6,6
1422,8,8
1423,8,4
1424,1,9
1425,4,4
1426,7,7
1427,9,9
1428,7,7
1429,6,6
1430,8,8
1431,6,4
1432,9,9
1433,3,7
1434,0,0
1435,1,1
1436,6,6
1437,1,1
1438,5,5
1439,1,9
1440,8,0
1441,4,4
1442,6,3
1443,6,4
1444,1,1
1445,3,3
1446,0,0
1447,8,8
1448,4,4
1449,6,6
1450,2,2
1451,6,2
1452,9,6
1453,6,5
1454,3,3
1455,6,6
1456,6,2
1457,1,1
1458,7,1
1459,8,8
1460,6,6
1461,8,0
1462,4,4
1463,0,0
1464,0,1
1465,9,9
1466,7,7
1467,1,1
1468,5,3
1469,3,7
1470,9,7
1471,0,8
1472,9,7
1473,7,7
1474,7,3
1475,9,9
1476,7,7
1477,7,7
1478,0,7
1479,7,2
1480,1,1
1481,2,2
1482,8,8
1483,1,6
1484,4,4
1485,0,0
1486,7,7
1487,1,9
1488,8,8
1489,6,6
1490,8,8
1491,3,4
1492,9,9
1493,9,1
1494,5,7
1495,0,2
1496,2,2
1497,8,8
1498,5,5
1499,9,8
1500,9,1
1501,1,2
1502,2,2
1503,3,4
1504,6,1
1505,2,2
1506,7,5
1507,9,2
1508,8,8
1509,9,1
1510,4,8
1511,1,1
1512,9,8
1513,6,6
1514,6,0
1515,2,2
1516,2,4
1517,1,1
1518,3,3
1519,6,6
1520,7,7
1521,4,7
1522,4,4
1523,6,4
1524,3,3
1525,8,3
1526,6,4
1527,9,5
1528,2,2
1529,6,4
1530,6,3
1531,7,7
1532,8,8
1533,7,4
1534,6,4
1535,4,4
1536,3,5
1537,7,4
1538,8,3
1539,2,2
1540,8,8
1541,4,4
1542,5,5
1543,3,5
1544,4,4
1545,1,1
1546,4,4
1547,0,2
1548,4,5
1549,7,1
1550,6,6
1551,4,4
1552,7,3
1553,6,4
1554,4,4
1555,0,0
1556,8,8
1557,8,8
1558,4,4
1559,5,5
1560,7,7
1561,5,5
1562,6,6
1563,0,9
1564,1,1
1565,4,6
1566,7,7
1567,5,2
1568,8,0
1569,8,1
1570,4,4
1571,6,5
1572,3,6
1573,0,0
1574,0,0
1575,2,2
1576,4,7
1577,6,5
1578,6,6
1579,0,0
1580,1,6
1581,5,2
1582,9,9
1583,3,1
1584,9,7
1585,7,7
1586,5,5
1587,0,2
1588,5,5
1589,6,6
1590,4,4
1591,1,1
1592,2,4
1593,5,3
1594,3,3
1595,3,3
1596,5,0
1597,3,3
1598,5,5
1599,5,5
1600,1,8
1601,5,9
1602,3,7
1603,3,3
1604,1,1
1605,9,3
1606,3,3
1607,3,3
1608,6,4
1609,4,4
1610,3,2
1611,3,3
1612,3,3
1613,1,8
1614,9,1
1615,7,7
1616,7,7
1617,0,0
1618,3,7
1619,4,4
1620,3,5
1621,0,1
1622,2,4
1623,4,2
1624,4,4
1625,6,3
1626,9,9
1627,9,9
1628,7,4
1629,0,9
1630,7,9
1631,1,1
1632,8,8
1633,9,1
1634,6,6
1635,7,7
1636,5,5
1637,6,5
1638,6,4
1639,9,9
1640,3,7
1641,6,6
1642,4,5
1643,9,9
1644,6,2
1645,4,4
1646,0,0
1647,7,7
1648,9,8
1649,4,5
1650,5,5
1651,0,0
1652,0,0
1653,9,9
1654,9,9
1655,8,8
1656,8,2
1657,5,5
1658,4,4
1659,0,8
1660,3,3
1661,6,6
1662,7,3
1663,6,6
1664,0,0
1665,6,6
1666,6,6
1667,6,6
1668,9,9
1669,6,6
1670,6,6
1671,8,8
1672,6,6
1673,2,2
1674,7,4
1675,5,5
1676,1,8
1677,6,1
1678,2,2
1679,7,7
1680,6,6
1681,6,5
1682,7,7
1683,8,8
1684,1,1
1685,6,8
1686,8,0
1687,8,8
1688,4,6
1689,9,9
1690,5,2
1691,8,8
1692,1,9
1693,8,4
1694,0,0
1695,8,9
1696,0,4
1697,9,9
1698,6,5
1699,9,7
1700,5,5
1701,5,5
1702,9,9
1703,5,5
1704,0,3
1705,0,0
1706,1,1
1707,9,9
1708,5,7
1709,6,2
1710,6,4
1711,1,1
1712,0,0
1713,1,8
1714,0,0
1715,5,3
1716,9,1
1717,7,7
1718,8,0
1719,8,0
1720,4,4
1721,3,8
1722,3,6
1723,0,2
1724,4,4
1725,0,0
1726,8,0
1727,4,9
1728,0,0
1729,8,8
1730,4,4
1731,3,5
1732,1,9
1733,3,3
1734,9,9
1735,0,0
1736,5,5
1737,6,6
1738,5,5
1739,4,0
1740,9,1
1741,5,4
1742,8,8
1743,1,1
1744,0,0
1745,7,5
1746,3,2
1747,1,1
1748,0,0
1749,2,2
1750,8,8
1751,1,1
1752,3,5
1753,6,6
1754,0,7
1755,7,7
1756,1,2
1757,6,6
1758,2,2
1759,3,5
1760,7,0
1761,3,1
1762,4,4
1763,2,2
1764,5,5
1765,4,4
1766,6,6
1767,4,2
1768,0,2
1769,8,1
1770,7,7
1771,4,2
1772,4,8
1773,5,5
1774,3,5
1775,6,3
1776,0,0
1777,4,4
1778,8,8
1779,3,3
1780,0,7
1781,6,6
1782,2,3
1783,0,8
1784,1,1
1785,0,0
1786,9,1
1787,7,3
1788,6,3
1789,3,0
1790,7,7
1791,6,4
1792,9,9
1793,2,5
1794,4,3
1795,6,6
1796,0,0
1797,1,1
1798,6,4
1799,4,4
1800,8,4
1801,4,4
1802,2,2
1803,5,2
1804,6,5
1805,9,8
1806,9,1
1807,7,5
1808,6,9
1809,8,8
1810,1,1
1811,1,1
1812,7,5
1813,3,3
1814,1,9
1815,1,9
1816,7,7
1817,6,6
1818,3,5
1819,0,0
1820,9,8
1821,6,4
1822,7,7
1823,7,0
1824,9,9
1825,2,2
1826,8,8
1827,4,4
1828,7,7
1829,1,1
1830,2,3
1831,0,9
1832,6,6
1833,8,8
1834,9,9
1835,0,0
1836,4,4
1837,9,9
1838,3,6
1839,7,7
1840,8,8
1841,9,9
1842,7,4
1843,8,8
1844,9,9
1845,9,7
1846,2,2
1847,2,5
1848,5,3
1849,9,7
1850,0,1
1851,0,0
1852,7,2
1853,9,9
1854,5,5
1855,5,5
1856,8,8
1857,5,5
1858,7,4
1859,2,2
1860,1,8
1861,3,3
1862,6,5
1863,9,5
1864,7,7
1865,7,7
1866,8,8
1867,6,6
1868,7,2
1869,8,8
1870,2,2
1871,8,3
1872,5,5
1873,6,6
1874,8,8
1875,0,0
1876,5,2
1877,3,3
1878,7,7
1879,8,0
1880,1,1
1881,8,9
1882,9,1
1883,6,3
1884,6,7
1885,5,5
1886,5,8
1887,3,3
1888,2,2
1889,8,9
1890,6,6
1891,8,8
1892,3,6
1893,9,9
1894,3,3
1895,8,8
1896,9,9
1897,9,8
1898,5,0
1899,7,7
1900,8,8
1901,5,5
1902,0,0
1903,0,0
1904,1,1
1905,6,3
1906,3,9
1907,1,1
1908,3,5
1909,6,3
1910,4,4
1911,4,4
1912,0,0
1913,0,9
1914,9,9
1915,9,9
1916,6,9
1917,8,8
1918,4,2
1919,6,4
1920,2,2
1921,0,2
1922,5,5
1923,3,1
1924,9,9
1925,0,1
1926,0,0
1927,1,9
1928,4,4
1929,8,2
1930,9,1
1931,6,6
1932,0,0
1933,5,3
1934,8,7
1935,4,6
1936,1,3
1937,9,1
1938,0,8
1939,3,6
1940,2,5
1941,0,7
1942,4,2
1943,0,8
1944,2,4
1945,7,4
1946,8,8
1947,6,3
1948,5,5
1949,0,0
1950,3,5
1951,7,7
1952,6,4
1953,4,4
1954,0,2
1955,2,2
1956,7,7
1957,9,3
1958,6,6
1959,8,0
1960,5,2
1961,4,7
1962,6,6
1963,0,2
1964,3,3
1965,0,0
1966,1,7
1967,7,7
1968,8,8
1969,9,1
1970,1,1
1971,3,4
1972,6,6
1973,0,0
1974,6,6
1975,7,6
1976,5,5
1977,5,5
1978,6,6
1979,3,3
1980,9,9
1981,0,3
1982,6,6
1983,3,8
1984,7,7
1985,6,6
1986,6,4
1987,9,9
1988,5,5
1989,4,6
1990,5,4
1991,1,1
1992,6,6
1993,6,3
1994,9,8
1995,6,2
1996,5,3
1997,0,9
1998,0,8
1999,5,5
2000,6,1
2001,3,5
2002,5,4
2003,3,5
2004,7,7
2005,5,5
2006,7,7
2007,8,8
2008,9,9
2009,1,1
2010,2,7
2011,2,2
2012,5,5
2013,6,6
2014,8,8
2015,4,4
2016,6,6
2017,6,5
2018,6,3
2019,4,9
2020,0,9
2021,8,8
2022,3,5
2023,3,5
2024,6,6
2025,4,4
2026,5,5
2027,9,9
2028,7,7
2029,5,3
2030,4,4
2031,1,1
2032,4,4
2033,4,2
2034,6,3
2035,1,6
2036,3,5
2037,7,5
2038,3,2
2039,3,8
2040,0,0
2041,0,0
2042,1,1
2043,8,8
2044,5,3
2045,6,1
2046,6,3
2047,5,5
2048,8,8
2049,3,3
2050,0,8
2051,3,5
2052,8,8
2053,6,6
2054,5,3
2055,5,5
2056,5,5
2057,5,5
2058,0,0
2059,0,9
2060,5,5
2061,3,5
2062,7,7
2063,1,1
2064,0,8
2065,4,2
2066,4,2
2067,9,7
2068,3,3
2069,7,4
2070,2,2
2071,9,9
2072,6,6
2073,0,2
2074,2,2
2075,4,4
2076,3,3
2077,8,0
2078,6,2
2079,0,0
2080,9,1
2081,5,3
2082,2,2
2083,5,2
2084,7,7
2085,2,0
2086,1,1
2087,0,0
2088,7,7
2089,7,7
2090,2,2
2091,8,0
2092,1,1
2093,6,6
2094,5,5
2095,0,0
2096,7,2
2097,4,2
2098,0,0
2099,1,1
2100,7,2
2101,6,6
2102,0,0
2103,9,1
2104,6,6
2105,6,6
2106,5,5
2107,3,3
2108,3,4
2109,0,0
2110,0,0
2111,1,9
2112,6,1
2113,0,0
2114,3,2
2115,1,5
2116,4,9
2117,7,7
2118,8,8
2119,6,6
2120,3,4
2121,1,6
2122,0,0
2123,2,2
2124,0,0
2125,7,1
2126,1,9
2127,4,2
2128,6,4
2129,9,9
2130,0,0
2131,7,7
2132,2,2
2133,5,3
2134,4,4
2135,8,8
2136,7,0
2137,2,2
2138,6,6
2139,8,8
2140,1,9
2141,3,7
2142,1,1
2143,9,9
2144,3,3
2145,4,7
2146,2,2
2147,7,7
2148,9,9
2149,6,6
2150,1,9
2151,5,5
2152,7,7
2153,8,8
2154,9,5
2155,8,9
2156,8,8
2157,1,3
2158,9,9
2159,7,8
2160,0,0
2161,8,5
2162,3,5
2163,2,7
2164,1,1
2165,5,2
2166,0,0
2167,5,7
2168,6,5
2169,8,8
2170,2,2
2171,5,2
2172,0,5
2173,0,3
2174,9,9
2175,7,3
2176,1,1
2177,9,9
2178,9,3
2179,1,1
2180,4,4
2181,3,3
2182,4,4
2183,4,4
2184,9,9
2185,0,0
2186,9,9
2187,6,5
2188,9,9
2189,2,2
2190,9,9
2191,9,4
2192,5,0
2193,0,2
2194,8,8
2195,6,4
2196,8,8
2197,6,6
2198,1,8
2199,2,2
2200,0,0
2201,5,5
2202,9,9
2203,6,6
2204,9,9
2205,5,5
2206,1,1
2207,3,3
2208,7,4
2209,0,4
2210,0,2
2211,9,7
2212,6,2
2213,6,4
2214,4,4
2215,0,0
2216,2,2
2217,8,8
2218,4,4
2219,5,5
2220,1,1
2221,2,2
2222,4,6
2223,8,8
2224,1,1
2225,7,7
2226,6,2
2227,0,8
2228,9,7
2229,4,4
2230,3,3
2231,3,3
2232,3,0
2233,0,3
2234,7,7
2235,2,2
2236,5,5
2237,6,6
2238,1,1
2239,7,7
2240,1,9
2241,0,0
2242,2,2
2243,7,3
2244,9,9
2245,8,8
2246,9,9
2247,5,5
2248,0,0
2249,0,0
2250,7,7
2251,5,6
2252,6,3
2253,2,3
2254,9,8
2255,1,1
2256,3,4
2257,0,0
2258,1,1
2259,5,5
2260,3,4
2261,5,3
2262,4,2
2263,6,6
2264,5,0
2265,8,8
2266,8,8
2267,6,6
2268,3,3
2269,6,3
2270,6,2
2271,9,9
2272,7,7
2273,3,5
2274,1,1
2275,6,6
2276,1,0
2277,5,5
2278,1,9
2279,9,9
2280,0,4
2281,5,5
2282,0,9
2283,6,4
2284,8,8
2285,5,3
2286,3,3
2287,2,2
2288,2,5
2289,1,1
2290,1,9
2291,5,5
2292,6,5
2293,1,8
2294,9,1
2295,8,8
2296,1,9
2297,6,7
2298,2,0
2299,3,6
2300,9,3
2301,5,2
2302,7,0
2303,7,2
2304,6,6
2305,9,9
2306,5,3
2307,1,9
2308,1,1
2309,6,6
2310,4,6
2311,4,7
2312,4,2
2313,4,6
2314,0,3
2315,9,2
2316,5,5
2317,5,5
2318,9,2
2319,7,7
2320,2,5
2321,7,2
2322,0,0
2323,1,8
2324,0,0
2325,2,7
2326,7,7
2327,9,1
2328,7,7
2329,6,4
2330,0,0
2331,4,2
2332,0,2
2333,6,6
2334,1,1
2335,2,5
2336,9,9
2337,7,7
2338,6,6
2339,4,2
2340,4,7
2341,0,0
2342,3,5
2343,6,6
2344,0,0
2345,1,1
2346,1,1
2347,8,8
2348,4,4
2349,5,5
2350,0,3
2351,1,1
2352,6,2
2353,4,4
2354,8,8
2355,8,9
2356,0,8
2357,1,1
2358,3,7
2359,4,2
2360,7,7
2361,0,2
2362,4,3
2363,6,2
2364,6,6
2365,2,7
2366,9,9
2367,4,4
2368,0,0
2369,1,1
2370,8,0
2371,4,4
2372,1,5
2373,0,0
2374,8,8
2375,0,0
2376,9,7
2377,4,6
2378,1,1
2379,4,0
2380,8,8
2381,5,5
2382,9,9
2383,4,2
2384,5,5
2385,4,4
2386,5,4
2387,9,9
2388,0,0
2389,6,6
2390,1,1
2391,5,2
2392,5,5
2393,5,1
2394,4,6
2395,0,7
2396,1,1
2397,3,5
2398,8,8
2399,8,8
2400,0,0
2401,3,3
2402,9,9
2403,6,4
2404,4,0
2405,6,3
2406,6,4
2407,9,9
2408,2,2
2409,4,4
2410,3,3
2411,0,0
2412,6,6
2413,6,4
2414,6,5
2415,6,6
2416,6,6
2417,7,7
2418,8,8
2419,3,4
2420,1,8
2421,7,8
2422,3,3
2423,3,2
2424,0,8
2425,3,0
2426,0,2
2427,5,5
2428,6,6
2429,0,8
2430,7,7
2431,8,8
2432,0,9
2433,9,9
2434,0,0
2435,2,6
2436,4,6
2437,8,8
2438,1,1
2439,1,1
2440,5,7
2441,4,4
2442,6,4
2443,0,2
2444,5,3
2445,6,6
2446,3,9
2447,3,6
2448,2,2
2449,5,4
2450,1,1
2451,8,8
2452,4,2
2453,4,3
2454,1,1
2455,6,6
2456,0,8
2457,6,6
2458,8,8
2459,5,5
2460,9,9
2461,0,0
2462,1,1
2463,0,0
2464,6,2
2465,9,9
2466,0,2
2467,9,9
2468,0,0
2469,9,9
2470,7,7
2471,8,8
2472,5,5
2473,0,0
2474,6,6
2475,1,6
2476,8,8
2477,6,1
2478,6,6
2479,5,5
2480,8,8
2481,7,7
2482,9,9
2483,7,2
2484,1,1
2485,6,6
2486,7,7
2487,5,5
2488,6,6
2489,3,3
2490,1,0
2491,0,9
2492,8,8
2493,6,9
2494,3,5
2495,8,9
2496,7,9
2497,8,9
2498,9,3
2499,3,6
2500,4,4
2501,4,4
2502,9,8
2503,8,8
2504,1,1
2505,9,7
2506,7,3
2507,0,0
2508,4,6
2509,4,2
2510,4,4
2511,1,8
2512,9,2
2513,2,2
2514,9,9
2515,4,2
2516,2,2
2517,9,9
2518,7,7
2519,3,4
2520,1,1
2521,1,9
2522,5,1
2523,6,4
2524,9,3
2525,1,5
2526,6,3
2527,8,8
2528,6,9
2529,6,3
2530,5,6
2531,3,2
2532,9,0
2533,5,8
2534,4,9
2535,4,0
2536,5,5
2537,1,1
2538,2,5
2539,9,8
2540,5,2
2541,1,1
2542,0,2
2543,3,3
2544,5,2
2545,4,4
2546,8,8
2547,6,4
2548,1,0
2549,6,6
2550,4,4
2551,3,2
2552,9,9
2553,8,8
2554,7,4
2555,7,7
2556,6,6
2557,2,2
2558,6,4
2559,7,7
2560,7,7
2561,6,6
2562,4,4
2563,0,2
2564,2,2
2565,3,3
2566,2,2
2567,7,4
2568,9,9
2569,0,0
2570,0,0
2571,9,9
2572,6,6
2573,5,5
2574,8,8
2575,6,5
2576,2,2
2577,4,4
2578,0,8
2579,1,8
2580,5,6
2581,1,4
2582,5,5
2583,9,7
2584,6,6
2585,5,3
2586,7,7
2587,0,0
2588,4,4
2589,0,0
2590,9,5
2591,8,8
2592,4,2
2593,8,8
2594,0,0
2595,4,4
2596,0,9
2597,3,2
2598,3,3
2599,3,6
2600,8,8
2601,1,1
2602,6,6
2603,9,0
2604,9,8
2605,9,4
2606,1,3
2607,1,1
2608,2,4
2609,4,5
2610,2,2
2611,4,4
2612,3,3
2613,2,6
2614,0,0
2615,7,7
2616,1,1
2617,3,3
2618,3,5
2619,7,7
2620,9,1
2621,0,8
2622,0,0
2623,8,4
2624,5,8
2625,2,2
2626,7,7
2627,7,7
2628,0,0
2629,6,2
2630,6,2
2631,4,4
2632,6,3
2633,7,3
2634,5,1
2635,3,6
2636,1,1
2637,6,6
2638,4,4
2639,6,6
2640,7,7
2641,4,4
2642,6,7
2643,3,3
2644,1,8
2645,8,1
2646,3,3
2647,0,1
2648,8,4
2649,6,6
2650,2,5
2651,5,5
2652,7,7
2653,8,4
2654,5,5
2655,4,4
2656,0,9
2657,7,7
2658,7,7
2659,2,2
2660,5,3
2661,3,3
2662,5,6
2663,1,7
2664,4,4
2665,1,1
2666,6,6
2667,1,1
2668,0,0
2669,1,6
2670,9,9
2671,6,6
2672,0,0
2673,6,2
2674,0,0
2675,2,2
2676,4,4
2677,7,7
2678,0,0
2679,0,0
2680,0,0
2681,0,0
2682,9,7
2683,5,5
2684,3,3
2685,4,2
2686,4,7
2687,8,8
2688,5,5
2689,3,5
2690,6,2
2691,2,2
2692,0,8
2693,9,9
2694,1,1
2695,4,2
2696,7,2
2697,3,0
2698,3,3
2699,4,4
2700,1,9
2701,1,1
2702,2,6
2703,0,9
2704,0,0
2705,8,8
2706,5,3
2707,6,6
2708,4,4
2709,5,6
2710,7,7
2711,5,5
2712,1,1
2713,8,8
2714,0,9
2715,0,0
2716,6,5
2717,0,0
2718,1,5
2719,5,4
2720,5,3
2721,8,8
2722,6,5
2723,0,2
2724,0,0
2725,8,8
2726,5,5
2727,9,9
2728,5,2
2729,0,5
2730,4,6
2731,5,5
2732,7,7
2733,7,3
2734,7,7
2735,3,2
2736,8,8
2737,9,8
2738,6,4
2739,6,2
2740,1,1
2741,6,6
2742,3,2
2743,9,9
2744,1,9
2745,8,8
2746,2,2
2747,3,3
2748,1,1
2749,0,0
2750,5,5
2751,2,2
2752,5,3
2753,7,7
2754,6,9
2755,7,5
2756,9,9
2757,5,1
2758,1,1
2759,3,3
2760,4,2
2761,7,7
2762,2,4
2763,4,4
2764,1,1
2765,9,9
2766,4,4
2767,3,5
2768,5,5
2769,2,2
2770,8,7
2771,8,7
2772,6,6
2773,3,1
2774,2,2
2775,3,3
2776,4,7
2777,5,5
2778,4,4
2779,1,3
2780,7,7
2781,8,7
2782,7,0
2783,0,0
2784,8,1
2785,4,4
2786,4,4
2787,9,3
2788,7,7
2789,9,9
2790,8,8
2791,6,7
2792,0,0
2793,5,9
2794,2,0
2795,9,3
2796,7,7
2797,6,6
2798,3,3
2799,8,8
2800,6,4
2801,5,5
2802,6,6
2803,5,5
2804,4,3
2805,2,4
2806,2,2
2807,9,9
2808,6,2
2809,1,4
2810,7,9
2811,5,2
2812,0,0
2813,1,1
2814,9,1
2815,7,3
2816,7,7
2817,9,9
2818,4,5
2819,1,1
2820,6,6
2821,0,0
2822,9,3
2823,3,3
2824,7,7
2825,6,2
2826,4,4
2827,5,5
2828,4,2
2829,3,3
2830,6,6
2831,9,3
2832,2,3
2833,0,0
2834,4,4
2835,3,4
2836,3,3
2837,8,8
2838,1,1
2839,2,2
2840,3,3
2841,4,2
2842,7,7
2843,1,1
2844,4,4
2845,4,5
2846,1,6
2847,8,8
2848,6,6
2849,3,6
2850,5,5
2851,4,4
2852,2,2
2853,9,9
2854,1,9
2855,5,3
2856,2,2
2857,0,0
2858,4,4
2859,3,1
2860,5,5
2861,5,5
2862,6,6
2863,6,6
2864,5,5
2865,6,6
2866,3,9
2867,5,7
2868,4,9
2869,0,4
2870,8,8
2871,3,3
2872,7,1
2873,7,9
2874,8,8
2875,1,1
2876,9,9
2877,0,0
2878,3,3
2879,8,0
2880,4,4
2881,4,7
2882,7,7
2883,2,2
2884,6,6
2885,5,5
2886,6,6
2887,9,9
2888,3,7
2889,3,7
2890,5,5
2891,7,7
2892,7,0
2893,0,8
2894,6,6
2895,5,7
2896,8,8
2897,6,3
2898,1,8
2899,9,9
2900,7,3
2901,2,2
2902,9,9
2903,7,2
2904,4,7
2905,4,4
2906,1,1
2907,9,9
2908,7,7
2909,0,0
2910,8,8
2911,1,1
2912,6,2
2913,0,0
2914,7,6
2915,5,5
2916,1,1
2917,4,4
2918,2,2
2919,8,8
2920,2,2
2921,8,8
2922,3,3
2923,5,3
2924,1,1
2925,4,4
2926,9,9
2927,8,8
2928,1,1
2929,1,1
2930,7,7
2931,9,9
2932,1,9
2933,4,4
2934,3,6
2935,8,8
2936,5,5
2937,6,3
2938,2,2
2939,2,2
2940,2,3
2941,9,8
2942,5,5
2943,1,1
2944,9,9
2945,3,7
2946,9,9
2947,1,1
2948,7,5
2949,4,3
2950,1,1
2951,0,0
2952,3,3
2953,0,8
2954,9,9
2955,5,2
2956,0,0
2957,9,8
2958,8,0
2959,8,7
2960,0,9
2961,7,4
2962,8,8
2963,9,3
2964,0,0
2965,6,7
2966,0,0
2967,7,7
2968,0,0
2969,5,5
2970,5,5
2971,4,4
2972,3,3
2973,0,0
2974,7,9
2975,4,9
2976,7,0
2977,1,2
2978,7,2
2979,0,0
2980,8,8
2981,5,4
2982,9,4
2983,5,5
2984,2,2
2985,8,2
2986,8,1
2987,1,1
2988,5,5
2989,5,5
2990,4,4
2991,8,3
2992,8,4
2993,0,0
2994,8,8
2995,8,4
2996,8,8
2997,5,2
2998,5,5
2999,6,6
3000,5,5
3001,1,1
3002,7,7
3003,2,2
3004,4,4
3005,8,0
3006,5,5
3007,6,6
3008,8,8
3009,7,7
3010,6,6
3011,7,3
3012,1,1
3013,5,3
3014,2,6
3015,6,6
3016,6,4
3017,5,5
3018,5,5
3019,5,5
3020,8,1
3021,8,8
3022,7,7
3023,8,3
3024,0,0
3025,4,2
3026,7,5
3027,1,1
3028,1,1
3029,1,1
3030,6,6
3031,2,7
3032,4,2
3033,1,1
3034,8,2
3035,3,3
3036,1,9
3037,8,8
3038,0,3
3039,9,1
3040,7,7
3041,4,4
3042,1,8
3043,4,4
3044,7,7
3045,7,5
3046,8,8
3047,6,6
3048,0,0
3049,5,3
3050,0,0
3051,8,8
3052,2,3
3053,3,4
3054,0,4
3055,9,9
3056,4,4
3057,6,6
3058,1,1
3059,3,5
3060,7,7
3061,4,7
3062,9,9
3063,0,0
3064,1,1
3065,3,3
3066,7,1
3067,3,3
3068,0,2
3069,3,4
3070,0,0
3071,7,7
3072,1,8
3073,5,3
3074,1,1
3075,1,6
3076,6,2
3077,1,1
3078,0,8
3079,0,8
3080,0,1
3081,9,9
3082,0,7
3083,3,5
3084,6,3
3085,6,2
3086,9,9
3087,8,0
3088,6,6
3089,8,8
3090,4,4
3091,9,1
3092,5,5
3093,7,7
3094,0,2
3095,6,4
3096,8,7
3097,9,0
3098,4,4
3099,9,9
3100,0,0
3101,7,7
3102,0,0
3103,6,6
3104,7,7
3105,5,1
3106,8,8
3107,3,5
3108,8,8
3109,9,8
3110,3,7
3111,0,0
3112,0,0
3113,3,3
3114,0,2
3115,0,5
3116,7,7
3117,0,0
3118,6,6
3119,3,4
3120,6,4
3121,9,9
3122,1,1
3123,8,8
3124,6,6
3125,3,3
3126,9,9
3127,6,4
3128,9,9
3129,3,3
3130,5,3
3131,4,7
3132,8,5
3133,9,9
3134,7,7
3135,3,7
3136,4,4
3137,7,5
3138,8,8
3139,8,2
3140,8,8
3141,9,9
3142,5,5
3143,3,3
3144,1,1
3145,3,9
3146,5,2
3147,2,2
3148,0,0
3149,9,1
3150,9,1
3151,8,8
3152,1,1
3153,6,1
3154,0,9
3155,8,8
3156,1,9
3157,9,9
3158,0,0
3159,5,2
3160,6,6
3161,0,9
3162,1,1
3163,9,9
3164,2,0
3165,1,1
3166,1,9
3167,2,2
3168,1,9
3169,9,9
3170,9,9
3171,1,0
3172,8,9
3173,9,9
3174,2,2
3175,1,1
3176,7,7
3177,0,0
3178,4,5
3179,3,6
3180,6,3
3181,9,9
3182,8,8
3183,7,3
3184,0,0
3185,6,2
3186,7,7
3187,7,7
3188,3,4
3189,8,8
3190,3,3
3191,8,0
3192,4,5
3193,0,2
3194,3,3
3195,6,5
3196,3,7
3197,6,6
3198,6,6
3199,6,6
3200,5,5
3201,5,6
3202,1,5
3203,4,4
3204,5,5
3205,8,8
3206,8,8
3207,0,0
3208,9,9
3209,5,7
3210,9,9
3211,8,0
3212,6,6
3213,9,9
3214,5,6
3215,1,1
3216,7,4
3217,7,7
3218,1,9
3219,6,0
3220,9,3
3221,6,5
3222,1,4
3223,7,7
3224,6,6
3225,9,9
3226,8,8
3227,2,2
3228,3,3
3229,0,9
3230,3,3
3231,3,3
3232,2,7
3233,8,8
3234,3,3
3235,7,5
3236,6,5
3237,9,9
3238,4,6
3239,1,1
3240,6,4
3241,7,7
3242,6,4
3243,8,8
3244,7,7
3245,7,7
3246,1,1
3247,5,3
3248,0,0
3249,9,3
3250,6,2
3251,9,5
3252,4,4
3253,1,9
3254,3,3
3255,4,5
3256,4,4
3257,7,7
3258,2,0
3259,6,3
3260,7,7
3261,0,0
3262,6,2
3263,9,1
3264,0,5
3265,8,8
3266,7,7
3267,3,3
3268,5,5
3269,4,7
3270,8,8
3271,5,5
3272,8,7
3273,8,8
3274,1,1
3275,7,5
3276,7,4
3277,7,7
3278,0,0
3279,8,8
3280,5,3
3281,2,2
3282,9,9
3283,5,7
3284,7,4
3285,9,1
3286,6,6
3287,0,5
3288,1,9
3289,8,8
3290,5,5
3291,5,5
3292,4,4
3293,1,1
3294,0,0
3295,9,9
3296,4,4
3297,5,4
3298,9,3
3299,8,0
3300,4,4
3301,8,8
3302,0,0
3303,8,8
3304,2,2
3305,9,9
3306,4,5
3307,9,9
3308,7,7
3309,4,4
3310,6,6
3311,5,7
3312,5,9
3313,2,2
3314,9,9
3315,6,3
3316,7,7
3317,7,7
3318,8,8
3319,5,2
3320,6,2
3321,0,0
3322,2,2
3323,5,5
3324,3,3
3325,5,6
3326,4,4
3327,6,7
3328,2,2
3329,1,3
3330,7,7
3331,0,8
3332,1,7
3333,2,2
3334,5,5
3335,1,0
3336,9,0
3337,5,7
3338,0,0
3339,5,9
3340,6,6
3341,1,1
3342,0,0
3343,5,3
3344,1,9
3345,7,7
3346,7,4
3347,9,9
3348,0,1
3349,2,6
3350,8,8
3351,9,1
3352,1,2
3353,1,3
3354,8,3
3355,4,5
3356,4,4
3357,9,8
3358,9,9
3359,4,7
3360,6,4
3361,2,4
3362,1,1
3363,2,2
3364,2,4
3365,3,9
3366,8,8
3367,7,7
3368,9,9
3369,3,5
3370,1,1
3371,2,2
3372,1,1
3373,6,6
3374,6,6
3375,4,4
3376,3,5
3377,7,7
3378,4,4
3379,5,5
3380,9,8
3381,5,5
3382,4,2
3383,8,8
3384,7,7
3385,9,8
3386,4,2
3387,3,3
3388,6,6
3389,1,1
3390,3,3
3391,3,3
3392,1,1
3393,5,5
3394,1,1
3395,9,9
3396,0,0
3397,1,9
3398,0,2
3399,8,0
3400,1,6
3401,2,2
3402,4,4
3403,8,8
3404,5,5
3405,7,7
3406,6,6
3407,1,1
3408,4,2
3409,9,9
3410,4,4
3411,6,5
3412,2,0
3413,1,3
3414,3,3
3415,3,7
3416,2,7
3417,4,7
3418,9,1
3419,7,4
3420,3,5
3421,0,0
3422,3,2
3423,8,8
3424,5,5
3425,9,0
3426,0,0
3427,6,6
3428,2,2
3429,0,0
3430,1,8
3431,4,4
3432,5,5
3433,2,4
3434,5,5
3435,6,6
3436,4,4
3437,7,7
3438,9,9
3439,3,4
3440,3,2
3441,0,0
3442,2,6
3443,2,4
3444,0,0
3445,0,0
3446,6,6
3447,4,4
3448,6,6
3449,1,1
3450,1,9
3451,5,5
3452,3,5
3453,2,2
3454,0,2
3455,6,6
3456,3,3
3457,8,4
3458,2,5
3459,0,9
3460,1,1
3461,7,7
3462,2,2
3463,6,3
3464,1,9
3465,6,6
3466,5,5
3467,0,0
3468,3,2
3469,3,9
3470,7,7
3471,1,1
3472,7,7
3473,2,2
3474,4,2
3475,0,0
3476,8,8
3477,6,6
3478,4,4
3479,3,3
3480,2,2
3481,8,7
3482,7,7
3483,0,0
3484,4,4
3485,1,1
3486,6,6
3487,5,5
3488,9,1
3489,6,3
3490,8,0
3491,3,3
3492,9,9
3493,3,0
3494,9,0
3495,5,2
3496,2,5
3497,9,0
3498,1,4
3499,0,0
3500,1,1
3501,8,9
3502,3,8
3503,6,4
3504,9,9
3505,2,4
3506,6,2
3507,4,4
3508,5,3
3509,5,3
3510,6,4
3511,0,0
3512,4,4
3513,4,3
3514,5,2
3515,8,8
3516,9,9
3517,1,1
3518,3,5
3519,8,8
3520,1,1
3521,8,8
3522,2,2
3523,4,4
3524,4,5
3525,6,2
3526,4,4
3527,4,1
3528,9,1
3529,6,6
3530,6,6
3531,8,8
3532,5,5
3533,2,2
3534,3,2
3535,5,5
3536,8,0
3537,0,8
3538,2,2
3539,8,3
3540,6,6
3541,2,2
3542,9,9
3543,6,6
3544,1,1
3545,4,4
3546,5,5
3547,9,9
3548,0,0
3549,9,1
3550,4,0
3551,0,0
3552,8,8
3553,1,1
3554,1,1
3555,3,6
3556,6,6
3557,1,9
3558,5,5
3559,4,4
3560,9,1
3561,5,7
3562,8,8
3563,6,6
3564,1,9
3565,1,1
3566,7,7
3567,6,6
3568,0,0
3569,6,9
3570,5,3
3571,6,5
3572,3,3
3573,3,2
3574,7,5
3575,3,3
3576,4,4
3577,9,9
3578,7,7
3579,1,1
3580,7,4
3581,4,4
3582,6,6
3583,1,1
3584,3,3
3585,8,8
3586,8,8
3587,3,0
3588,5,6
3589,7,7
3590,7,7
3591,6,6
3592,7,7
3593,6,2
3594,5,3
3595,2,2
3596,4,2
3597,6,6
3598,0,2
3599,7,7
3600,6,4
3601,0,0
3602,7,3
3603,6,6
3604,2,2
3605,6,6
3606,5,3
3607,5,3
3608,9,0
3609,9,9
3610,5,5
3611,1,1
3612,9,1
3613,7,5
3614,3,3
3615,2,6
3616,4,4
3617,3,3
3618,2,4
3619,1,1
3620,5,0
3621,0,4
3622,3,5
3623,5,5
3624,2,2
3625,8,8
3626,9,9
3627,1,4
3628,3,3
3629,7,1
3630,8,8
3631,3,0
3632,0,1
3633,5,3
3634,3,3
3635,4,4
3636,8,4
3637,6,2
3638,9,9
3639,4,7
3640,6,6
3641,8,8
3642,1,1
3643,7,8
3644,1,9
3645,1,1
3646,3,3
3647,1,1
3648,7,7
3649,3,3
3650,0,0
3651,0,0
3652,2,2
3653,9,8
3654,7,3
3655,9,9
3656,2,2
3657,6,7
3658,4,2
3659,6,6
3660,0,0
3661,1,1
3662,6,6
3663,1,1
3664,6,6
3665,7,7
3666,6,5
3667,5,5
3668,2,2
3669,3,5
3670,9,9
3671,6,4
3672,0,0
3673,0,2
3674,1,3
3675,9,4
3676,0,9
3677,5,4
3678,3,1
3679,0,0
3680,2,0
3681,2,2
3682,6,3
3683,2,8
3684,9,9
3685,2,2
3686,9,8
3687,9,9
3688,3,5
3689,7,7
3690,9,9
3691,1,1
3692,4,4
3693,5,6
3694,0,2
3695,8,8
3696,0,4
3697,4,4
3698,8,8
3699,9,9
3700,3,3
3701,1,1
3702,2,1
3703,3,6
3704,5,5
3705,8,8
3706,4,4
3707,6,6
3708,6,4
3709,5,5
3710,2,2
3711,1,6
3712,4,4
3713,2,2
3714,5,3
3715,6,1
3716,6,3
3717,6,6
3718,8,8
3719,5,5
3720,0,2
3721,5,2
3722,7,7
3723,9,1
3724,6,6
3725,2,2
3726,6,5
3727,9,9
3728,3,2
3729,8,8
3730,1,1
3731,9,6
3732,0,9
3733,5,2
3734,5,7
3735,5,5
3736,3,3
3737,2,2
3738,9,9
3739,7,7
3740,8,0
3741,5,2
3742,9,9
3743,9,3
3744,4,4
3745,1,1
3746,3,7
3747,9,9
3748,5,5
3749,8,8
3750,9,9
3751,7,7
3752,3,3
3753,6,4
3754,0,0
3755,8,9
3756,7,7
3757,4,4
3758,2,2
3759,4,4
3760,7,7
3761,3,0
3762,1,1
3763,8,8
3764,1,1
3765,0,0
3766,9,4
3767,6,6
3768,1,1
3769,9,9
3770,9,9
3771,0,2
3772,0,1
3773,5,2
3774,7,5
3775,6,6
3776,9,9
3777,7,7
3778,4,7
3779,7,3
3780,6,4
3781,2,2
3782,0,0
3783,2,2
3784,5,5
3785,6,6
3786,4,7
3787,4,3
3788,7,7
3789,1,9
3790,2,4
3791,2,2
3792,0,0
3793,6,6
3794,1,1
3795,7,7
3796,9,5
3797,5,6
3798,5,5
3799,3,3
3800,9,9
3801,0,2
3802,7,7
3803,8,8
3804,5,5
3805,9,9
3806,3,5
3807,1,8
3808,2,5
3809,6,4
3810,5,3
3811,7,7
3812,7,9
3813,8,8
3814,1,1
3815,2,2
3816,4,2
3817,8,8
3818,8,9
3819,5,3
3820,0,0
3821,3,8
3822,4,4
3823,0,0
3824,4,2
3825,0,0
3826,1,1
3827,4,4
3828,7,1
3829,8,8
3830,5,5
3831,5,5
3832,9,7
3833,9,9
3834,6,8
3835,7,3
3836,0,7
3837,9,9
3838,1,1
3839,5,5
3840,8,6
3841,9,9
3842,8,8
3843,7,7
3844,3,2
3845,0,0
3846,9,9
3847,0,0
3848,8,8
3849,6,5
3850,1,9
3851,2,4
3852,0,2
3853,1,9
3854,1,8
3855,1,1
3856,7,9
3857,0,1
3858,8,8
3859,3,3
3860,7,7
3861,6,6
3862,4,4
3863,0,2
3864,9,3
3865,7,7
3866,0,0
3867,5,3
3868,2,5
3869,8,8
3870,8,8
3871,8,8
3872,5,7
3873,9,9
3874,6,6
3875,3,2
3876,7,7
3877,7,4
3878,2,5
3879,7,7
3880,6,6
3881,7,7
3882,1,1
3883,5,7
3884,3,3
3885,6,6
3886,8,8
3887,5,2
3888,6,6
3889,6,6
3890,7,7
3891,1,1
3892,3,5
3893,8,9
3894,4,7
3895,1,1
3896,2,7
3897,0,0
3898,9,1
3899,6,6
3900,0,3
3901,0,3
3902,1,9
3903,8,0
3904,4,1
3905,0,2
3906,5,3
3907,2,2
3908,2,2
3909,3,5
3910,4,4
3911,9,9
3912,8,8
3913,7,7
3914,4,4
3915,6,4
3916,9,9
3917,0,7
3918,6,6
3919,7,7
3920,9,7
3921,1,1
3922,2,2
3923,3,3
3924,5,5
3925,1,1
3926,9,9
3927,0,0
3928,5,3
3929,3,3
3930,1,1
3931,5,5
3932,6,6
3933,9,6
3934,6,2
3935,7,4
3936,6,6
3937,8,8
3938,8,8
3939,9,9
3940,6,6
3941,6,6
3942,5,1
3943,7,0
3944,9,7
3945,6,5
3946,8,8
3947,0,2
3948,9,1
3949,6,5
3950,8,8
3951,1,1
3952,4,4
3953,7,7
3954,5,5
3955,0,0
3956,3,3
3957,0,9
3958,9,9
3959,5,5
3960,2,2
3961,8,8
3962,7,4
3963,5,1
3964,9,9
3965,8,0
3966,4,4
3967,4,4
3968,8,8
3969,1,2
3970,9,9
3971,8,0
3972,7,7
3973,9,9
3974,8,8
3975,7,7
3976,9,1
3977,4,3
3978,2,2
3979,0,9
3980,6,9
3981,8,5
3982,9,9
3983,9,7
3984,6,6
3985,7,7
3986,7,7
3987,8,1
3988,9,1
3989,2,2
3990,4,4
3991,2,2
3992,0,0
3993,6,6
3994,8,8
3995,9,7
3996,6,6
3997,4,2
3998,3,2
3999,9,9
4000,4,8
4001,6,2
4002,4,4
4003,0,2
4004,7,0
4005,5,5
4006,8,8
4007,6,6
4008,8,8
4009,5,2
4010,7,7
4011,4,7
4012,1,3
4013,1,1
4014,8,8
4015,1,1
4016,7,6
4017,6,5
4018,9,9
4019,7,7
4020,8,8
4021,4,9
4022,6,6
4023,3,4
4024,8,8
4025,1,1
4026,1,9
4027,4,4
4028,0,0
4029,3,4
4030,6,1
4031,4,4
4032,3,3
4033,6,6
4034,2,2
4035,2,2
4036,0,7
4037,0,0
4038,1,0
4039,7,7
4040,0,0
4041,7,7
4042,4,4
4043,3,3
4044,6,6
4045,7,7
4046,7,7
4047,4,4
4048,1,5
4049,4,4
4050,9,3
4051,3,5
4052,5,5
4053,4,4
4054,0,7
4055,8,1
4056,0,0
4057,7,7
4058,7,7
4059,1,1
4060,6,6
4061,5,5
4062,8,0
4063,9,7
4064,7,7
4065,4,4
4066,4,6
4067,1,1
4068,8,8
4069,5,5
4070,0,9
4071,1,3
4072,5,5
4073,6,6
4074,5,2
4075,3,2
4076,7,7
4077,5,3
4078,5,5
4079,8,8
4080,1,1
4081,9,0
4082,6,6
4083,8,8
4084,0,7
4085,7,8
4086,8,8
4087,5,5
4088,7,7
4089,9,5
4090,2,4
4091,9,9
4092,7,7
4093,3,3
4094,5,3
4095,8,8
4096,8,8
4097,6,3
4098,4,9
4099,6,4
4100,7,7
4101,4,2
4102,0,0
4103,0,8
4104,0,0
4105,7,7
4106,0,3
4107,2,3
4108,6,2
4109,5,5
4110,2,2
4111,0,4
4112,5,4
4113,0,0
4114,4,4
4115,8,8
4116,2,2
4117,8,4
4118,0,0
4119,6,6
4120,8,4
4121,3,5
4122,6,6
4123,0,0
4124,9,8
4125,8,8
4126,0,0
4127,6,6
4128,1,1
4129,1,1
4130,3,6
4131,1,1
4132,2,4
4133,3,2
4134,9,1
4135,1,1
4136,2,2
4137,4,4
4138,6,4
4139,7,5
4140,3,5
4141,8,8
4142,8,8
4143,5,5
4144,1,1
4145,8,8
4146,2,2
4147,2,3
4148,6,3
4149,9,9
4150,6,6
4151,5,6
4152,3,5
4153,0,0
4154,7,7
4155,3,3
4156,6,3
4157,2,2
4158,4,7
4159,4,4
4160,5,5
4161,6,6
4162,0,0
4163,6,2
4164,1,1
4165,3,8
4166,3,1
4167,6,0
4168,9,9
4169,3,3
4170,1,1
4171,0,0
4172,6,5
4173,2,4
4174,5,2
4175,3,3
4176,3,3
4177,6,6
4178,7,7
4179,2,6
4180,0,0
4181,0,0
4182,7,5
4183,7,7
4184,4,4
4185,7,7
4186,4,7
4187,0,0
4188,6,6
4189,1,1
4190,4,3
4191,9,9
4192,0,0
4193,0,9
4194,0,0
4195,2,3
4196,8,8
4197,6,4
4198,0,8
4199,8,8
4200,8,4
4201,1,1
4202,0,0
4203,4,2
4204,4,2
4205,4,4
4206,1,1
4207,1,1
4208,2,2
4209,7,4
4210,5,3
4211,7,4
4212,1,1
4213,7,4
4214,7,7
4215,1,1
4216,0,0
4217,6,0
4218,1,9
4219,0,0
4220,0,4
4221,3,2
4222,8,8
4223,8,8
4224,7,5
4225,1,5
4226,0,0
4227,3,4
4228,9,0
4229,8,8
4230,5,6
4231,9,2
4232,5,5
4233,9,9
4234,2,2
4235,7,9
4236,1,1
4237,6,1
4238,7,5
4239,5,4
4240,7,7
4241,3,5
4242,8,8
4243,6,6
4244,2,2
4245,1,1
4246,5,5
4247,3,5
4248,0,3
4249,6,4
4250,1,1
4251,8,8
4252,9,9
4253,9,9
4254,8,8
4255,9,9
4256,8,8
4257,6,6
4258,8,8
4259,7,5
4260,8,8
4261,9,9
4262,4,4
4263,6,6
4264,4,2
4265,2,6
4266,3,3
4267,7,7
4268,7,4
4269,8,0
4270,0,0
4271,1,1
4272,7,7
4273,6,5
4274,1,1
4275,4,5
4276,9,9
4277,9,3
4278,1,1
4279,6,6
4280,8,8
4281,4,7
4282,2,3
4283,6,6
4284,9,9
4285,6,1
4286,0,2
4287,3,0
4288,1,1
4289,7,7
4290,5,2
4291,0,6
4292,1,1
4293,4,9
4294,0,0
4295,0,0
4296,8,8
4297,9,9
4298,9,9
4299,0,2
4300,8,8
4301,6,6
4302,5,2
4303,1,5
4304,2,6
4305,0,0
4306,6,3
4307,2,3
4308,0,0
4309,2,7
4310,4,4
4311,7,7
4312,5,5
4313,0,0
4314,1,1
4315,6,6
4316,8,8
4317,8,8
4318,1,1
4319,2,2
4320,9,1
4321,5,5
4322,4,4
4323,5,5
4324,9,9
4325,6,6
4326,4,7
4327,1,1
4328,0,0
4329,6,6
4330,9,9
4331,5,2
4332,7,7
4333,9,7
4334,3,3
4335,8,9
4336,9,9
4337,1,1
4338,9,9
4339,2,7
4340,0,0
4341,3,1
4342,1,3
4343,7,5
4344,2,4
4345,6,6
4346,9,3
4347,8,8
4348,3,8
4349,0,0
4350,4,4
4351,8,8
4352,3,3
4353,6,6
4354,3,7
4355,2,0
4356,0,0
4357,3,4
4358,5,5
4359,2,2
4360,1,6
4361,1,8
4362,4,4
4363,9,9
4364,9,9
4365,9,9
4366,3,2
4367,0,0
4368,4,4
4369,4,2
4370,8,8
4371,1,1
4372,1,1
4373,0,0
4374,0,0
4375,3,3
4376,7,7
4377,4,4
4378,1,1
4379,1,1
4380,9,9
4381,7,7
4382,7,7
4383,4,4
4384,6,6
4385,8,8
4386,6,6
4387,8,0
4388,2,2
4389,8,8
4390,5,5
4391,7,3
4392,2,5
4393,9,3
4394,5,5
4395,7,7
4396,9,9
4397,8,8
4398,6,4
4399,7,4
4400,9,3
4401,1,1
4402,4,4
4403,8,8
4404,4,3
4405,6,6
4406,5,5
4407,6,3
4408,1,0
4409,1,8
4410,9,9
4411,5,5
4412,7,7
4413,6,6
4414,3,2
4415,0,0
4416,4,4
4417,9,9
4418,1,9
4419,0,0
4420,5,5
4421,3,2
4422,1,3
4423,3,6
4424,1,1
4425,9,1
4426,0,0
4427,2,2
4428,8,8
4429,2,2
4430,9,1
4431,1,1
4432,2,7
4433,5,5
4434,2,2
4435,3,3
4436,4,4
4437,3,1
4438,3,2
4439,3,9
4440,2,2
4441,1,1
4442,2,3
4443,4,4
4444,1,8
4445,9,9
4446,9,0
4447,4,0
4448,6,4
4449,9,9
4450,0,0
4451,2,2
4452,2,2
4453,0,0
4454,6,6
4455,8,8
4456,7,7
4457,3,3
4458,3,3
4459,8,8
4460,9,9
4461,0,0
4462,2,2
4463,2,5
4464,3,3
4465,6,6
4466,9,1
4467,8,3
4468,9,9
4469,5,5
4470,8,0
4471,5,5
4472,4,4
4473,4,4
4474,1,0
4475,1,1
4476,1,1
4477,3,6
4478,1,1
4479,7,7
4480,9,9
4481,8,9
4482,2,6
4483,3,2
4484,4,4
4485,8,3
4486,1,8
4487,3,3
4488,4,4
4489,7,7
4490,6,0
4491,0,2
4492,8,8
4493,3,4
4494,8,8
4495,9,3
4496,8,8
4497,8,8
4498,8,8
4499,3,3
4500,3,3
4501,7,5
4502,7,7
4503,7,7
4504,0,0
4505,4,4
4506,1,1
4507,6,5
4508,9,9
4509,5,7
4510,0,0
4511,6,6
4512,0,8
4513,7,4
4514,9,9
4515,0,0
4516,9,1
4517,0,8
4518,9,9
4519,4,6
4520,3,3
4521,9,9
4522,2,2
4523,0,4
4524,4,4
4525,0,0
4526,3,3
4527,3,3
4528,4,5
4529,4,4
4530,5,5
4531,1,1
4532,1,1
4533,0,8
4534,2,2
4535,2,2
4536,9,9
4537,6,3
4538,7,7
4539,9,8
4540,4,9
4541,2,2
4542,3,3
4543,1,1
4544,7,7
4545,6,3
4546,0,2
4547,6,3
4548,4,0
4549,9,1
4550,6,9
4551,5,5
4552,5,5
4553,9,3
4554,4,4
4555,3,5
4556,8,2
4557,0,0
4558,0,0
4559,6,3
4560,1,1
4561,5,3
4562,4,4
4563,2,7
4564,4,4
4565,7,2
4566,1,8
4567,4,4
4568,8,8
4569,9,9
4570,9,9
4571,4,4
4572,2,2
4573,4,4
4574,4,3
4575,6,6
4576,4,4
4577,6,6
4578,8,4
4579,5,6
4580,6,6
4581,3,3
4582,8,8
4583,7,7
4584,0,4
4585,8,8
4586,0,0
4587,5,5
4588,7,9
4589,3,3
4590,2,9
4591,0,0
4592,7,7
4593,5,5
4594,1,1
4595,1,9
4596,7,7
4597,9,9
4598,5,1
4599,8,8
4600,7,4
4601,2,2
4602,1,1
4603,4,6
4604,4,4
4605,9,3
4606,5,0
4607,1,1
4608,4,4
4609,9,8
4610,6,6
4611,1,1
4612,0,7
4613,1,1
4614,3,3
4615,4,5
4616,8,4
4617,3,3
4618,5,3
4619,9,9
4620,9,7
4621,8,8
4622,2,2
4623,5,5
4624,3,5
4625,7,4
4626,5,5
4627,4,4
4628,5,5
4629,7,7
4630,2,2
4631,5,5
4632,7,5
4633,1,1
4634,5,7
4635,7,7
4636,1,8
4637,1,3
4638,6,6
4639,0,0
4640,2,2
4641,5,5
4642,4,2
4643,3,3
4644,9,7
4645,4,4
4646,5,2
4647,1,1
4648,6,6
4649,8,8
4650,6,6
4651,8,8
4652,3,3
4653,7,2
4654,2,7
4655,5,7
4656,9,9
4657,7,7
4658,9,1
4659,4,4
4660,5,7
4661,3,4
4662,6,6
4663,1,1
4664,7,7
4665,3,3
4666,9,0
4667,0,0
4668,6,6
4669,6,6
4670,8,8
4671,6,6
4672,6,6
4673,0,0
4674,3,3
4675,4,4
4676,5,7
4677,7,4
4678,8,9
4679,4,4
4680,9,9
4681,9,9
4682,5,3
4683,4,4
4684,1,1
4685,4,4
4686,9,0
4687,3,3
4688,7,7
4689,1,1
4690,2,2
4691,6,2
4692,8,8
4693,6,4
4694,7,7
4695,8,8
4696,3,5
4697,5,5
4698,6,6
4699,6,5
4700,6,6
4701,0,0
4702,5,6
4703,9,4
4704,9,9
4705,1,3
4706,2,2
4707,7,7
4708,7,3
4709,0,8
4710,5,3
4711,9,9
4712,4,4
4713,1,1
4714,6,6
4715,9,9
4716,9,9
4717,3,4
4718,3,3
4719,1,9
4720,0,8
4721,7,1
4722,1,6
4723,9,9
4724,0,5
4725,9,9
4726,0,0
4727,1,9
4728,7,7
4729,6,2
4730,4,2
4731,7,4
4732,6,2
4733,6,6
4734,6,4
4735,8,8
4736,1,1
4737,9,9
4738,5,5
4739,6,6
4740,3,5
4741,1,1
4742,8,8
4743,6,6
4744,2,6
4745,4,7
4746,6,6
4747,5,5
4748,1,0
4749,9,2
4750,4,7
4751,6,6
4752,9,1
4753,0,2
4754,8,3
4755,1,1
4756,6,6
4757,7,4
4758,9,9
4759,0,0
4760,0,3
4761,9,9
4762,1,1
4763,0,0
4764,5,5
4765,6,3
4766,9,1
4767,6,6
4768,9,9
4769,9,8
4770,3,9
4771,0,0
4772,6,6
4773,1,1
4774,6,6
4775,3,2
4776,8,3
4777,5,5
4778,6,6
4779,1,9
4780,0,0
4781,3,7
4782,2,2
4783,8,4
4784,8,0
4785,1,3
4786,1,6
4787,8,8
4788,6,6
4789,9,9
4790,1,1
4791,9,9
4792,0,0
4793,2,6
4794,2,4
4795,3,5
4796,8,9
4797,5,5
4798,8,4
4799,0,1
4800,9,9
4801,4,2
4802,0,0
4803,9,7
4804,1,3
4805,7,5
4806,9,1
4807,8,8
4808,5,3
4809,0,0
4810,5,5
4811,0,2
4812,8,8
4813,8,8
4814,3,3
4815,9,9
4816,6,6
4817,0,0
4818,9,3
4819,5,5
4820,5,3
4821,4,4
4822,1,1
4823,8,5
4824,0,0
4825,5,7
4826,3,3
4827,9,9
4828,4,4
4829,4,5
4830,5,3
4831,3,1
4832,6,4
4833,6,2
4834,4,4
4835,9,9
4836,9,9
4837,7,7
4838,1,1
4839,7,7
4840,0,0
4841,1,1
4842,0,2
4843,1,1
4844,5,5
4845,3,3
4846,6,8
4847,2,4
4848,1,1
4849,5,5
4850,9,1
4851,9,9
4852,9,9
4853,9,7
4854,0,0
4855,1,1
4856,7,7
4857,6,6
4858,2,2
4859,6,6
4860,5,5
4861,9,0
4862,3,3
4863,1,1
4864,3,3
4865,9,8
4866,9,9
4867,3,9
4868,0,0
4869,8,8
4870,8,8
4871,7,7
4872,9,9
4873,8,2
4874,9,9
4875,1,1
4876,6,3
4877,6,6
4878,4,7
4879,6,6
4880,7,0
4881,8,8
4882,6,6
4883,7,2
4884,7,4
4885,2,2
4886,3,3
4887,6,5
4888,9,5
4889,4,4
4890,1,1
4891,6,6
4892,8,7
4893,1,1
4894,2,6
4895,1,1
4896,0,7
4897,9,1
4898,6,6
4899,2,2
4900,3,3
4901,8,0
4902,4,4
4903,6,2
4904,9,9
4905,7,7
4906,3,5
4907,5,5
4908,5,6
4909,0,0
4910,9,8
4911,0,8
4912,9,1
4913,1,1
4914,3,3
4915,5,5
4916,6,6
4917,7,5
4918,3,3
4919,8,8
4920,0,7
4921,2,5
4922,1,0
4923,7,7
4924,5,7
4925,5,5
4926,5,7
4927,8,1
4928,9,9
4929,9,9
4930,9,1
4931,8,9
4932,9,9
4933,3,3
4934,5,5
4935,5,5
4936,2,3
4937,0,0
4938,7,3
4939,0,0
4940,6,6
4941,5,6
4942,3,5
4943,6,6
4944,0,8
4945,1,9
4946,6,4
4947,5,5
4948,1,1
4949,9,1
4950,2,2
4951,7,7
4952,9,9
4953,0,0
4954,1,1
4955,8,2
4956,5,5
4957,4,4
4958,4,4
4959,7,7
4960,3,4
4961,8,8
4962,1,3
4963,5,3
4964,4,5
4965,4,3
4966,5,5
4967,4,7
4968,0,0
4969,1,1
4970,2,2
4971,9,9
4972,4,8
4973,9,1
4974,7,7
4975,3,3
4976,5,5
4977,9,9
4978,8,1
4979,9,9
4980,1,1
4981,9,1
4982,5,3
4983,3,6
4984,5,7
4985,2,4
4986,4,8
4987,3,3
4988,5,5
4989,6,6
4990,7,7
4991,0,0
4992,1,1
4993,8,7
4994,7,7
4995,5,2
4996,5,3
4997,3,3
4998,5,5
4999,1,1
5000,7,7
5001,6,6
5002,9,8
5003,4,4
5004,4,4
5005,5,5
5006,8,7
5007,3,3
5008,4,4
5009,8,7
5010,9,7
5011,4,3
5012,6,6
5013,0,0
5014,7,7
5015,2,2
5016,6,6
5017,7,7
5018,7,4
5019,1,1
5020,2,8
5021,0,0
5022,4,2
5023,1,2
5024,1,1
5025,5,5
5026,4,4
5027,0,0
5028,9,9
5029,3,3
5030,8,4
5031,7,4
5032,0,2
5033,3,3
5034,0,8
5035,5,5
5036,0,0
5037,1,0
5038,4,4
5039,6,6
5040,4,3
5041,9,9
5042,2,2
5043,9,0
5044,4,5
5045,7,7
5046,5,5
5047,5,5
5048,1,1
5049,7,7
5050,3,3
5051,1,1
5052,5,6
5053,3,7
5054,9,9
5055,0,0
5056,1,1
5057,4,2
5058,1,1
5059,4,4
5060,5,6
5061,1,1
5062,5,5
5063,9,9
5064,5,5
5065,8,0
5066,4,4
5067,9,9
5068,5,4
5069,8,9
5070,1,7
5071,1,1
5072,6,6
5073,8,8
5074,8,0
5075,6,6
5076,5,5
5077,0,0
5078,8,8
5079,1,1
5080,7,7
5081,3,5
5082,6,6
5083,9,9
5084,3,3
5085,5,2
5086,7,3
5087,9,9
5088,3,8
5089,6,6
5090,9,1
5091,0,0
5092,7,9
5093,0,0
5094,1,9
5095,8,8
5096,4,7
5097,0,7
5098,5,5
5099,2,2
5100,6,3
5101,5,5
5102,2,5
5103,4,7
5104,9,8
5105,7,7
5106,5,6
5107,9,9
5108,1,1
5109,9,9
5110,8,8
5111,6,6
5112,3,5
5113,6,6
5114,7,7
5115,1,5
5116,6,6
5117,5,7
5118,2,2
5119,0,5
5120,9,9
5121,6,6
5122,6,6
5123,7,7
5124,0,0
5125,1,1
5126,7,0
5127,1,1
5128,3,3
5129,6,2
5130,5,5
5131,6,6
5132,1,1
5133,2,2
5134,6,5
5135,1,1
5136,1,9
5137,9,9
5138,8,8
5139,3,6
5140,8,8
5141,6,6
5142,8,8
5143,9,9
5144,5,0
5145,4,4
5146,0,0
5147,1,3
5148,3,3
5149,6,6
5150,4,4
5151,3,9
5152,4,9
5153,9,7
5154,4,2
5155,3,3
5156,8,5
5157,6,6
5158,4,4
5159,4,6
5160,0,0
5161,3,3
5162,2,7
5163,9,5
5164,0,0
5165,3,2
5166,9,9
5167,2,2
5168,7,7
5169,6,2
5170,9,9
5171,7,2
5172,1,4
5173,0,0
5174,6,6
5175,6,6
5176,9,3
5177,6,4
5178,5,5
5179,3,5
5180,9,9
5181,1,1
5182,3,1
5183,4,4
5184,3,4
5185,7,3
5186,2,5
5187,3,4
5188,8,8
5189,0,0
5190,0,0
5191,7,3
5192,1,9
5193,6,4
5194,7,7
5195,6,4
5196,0,2
5197,9,8
5198,9,3
5199,6,6
5200,5,3
5201,1,1
5202,9,9
5203,5,6
5204,9,3
5205,0,8
5206,5,3
5207,8,8
5208,4,4
5209,7,7
5210,8,5
5211,9,7
5212,3,5
5213,4,3
5214,9,1
5215,9,2
5216,6,6
5217,1,1
5218,5,3
5219,4,2
5220,0,0
5221,7,7
5222,9,5
5223,0,0
5224,0,0
5225,9,0
5226,9,1
5227,6,4
5228,3,3
5229,5,5
5230,8,8
5231,4,4
5232,5,3
5233,9,1
5234,8,7
5235,6,1
5236,8,0
5237,4,4
5238,0,2
5239,4,4
5240,9,1
5241,4,4
5242,0,0
5243,1,1
5244,2,2
5245,1,1
5246,7,7
5247,9,7
5248,9,9
5249,8,8
5250,7,7
5251,5,5
5252,4,4
5253,0,0
5254,9,9
5255,2,0
5256,8,0
5257,8,8
5258,4,2
5259,0,0
5260,0,0
5261,8,2
5262,7,4
5263,8,8
5264,6,6
5265,5,2
5266,4,4
5267,2,6
5268,3,3
5269,5,5
5270,1,1
5271,5,5
5272,9,3
5273,1,7
5274,2,2
5275,8,2
5276,9,9
5277,8,8
5278,0,0
5279,8,0
5280,9,0
5281,2,3
5282,4,4
5283,4,4
5284,6,6
5285,1,1
5286,6,6
5287,3,7
5288,4,4
5289,2,4
5290,5,3
5291,9,9
5292,7,4
5293,8,0
5294,8,8
5295,8,0
5296,4,4
5297,8,6
5298,5,5
5299,7,7
5300,6,9
5301,1,7
5302,0,0
5303,5,5
5304,5,7
5305,2,7
5306,3,3
5307,5,1
5308,9,9
5309,9,3
5310,2,0
5311,9,9
5312,5,5
5313,9,3
5314,9,7
5315,0,9
5316,3,4
5317,7,4
5318,0,1
5319,7,7
5320,3,7
5321,1,1
5322,4,4
5323,1,1
5324,8,2
5325,0,8
5326,7,7
5327,0,0
5328,0,0
5329,8,4
5330,3,7
5331,2,2
5332,1,9
5333,7,7
5334,6,6
5335,9,9
5336,5,3
5337,5,5
5338,1,8
5339,9,0
5340,2,3
5341,6,6
5342,7,8
5343,3,3
5344,4,2
5345,6,4
5346,7,7
5347,9,1
5348,1,1
5349,5,3
5350,7,9
5351,3,7
5352,3,5
5353,1,1
5354,0,0
5355,8,8
5356,7,7
5357,0,0
5358,1,1
5359,6,6
5360,7,9
5361,1,3
5362,2,2
5363,4,7
5364,4,7
5365,4,8
5366,9,1
5367,3,0
5368,6,3
5369,6,4
5370,2,6
5371,5,7
5372,0,5
5373,2,2
5374,8,0
5375,1,1
5376,3,5
5377,4,5
5378,3,1
5379,8,4
5380,9,1
5381,3,3
5382,0,0
5383,8,8
5384,6,6
5385,3,2
5386,1,1
5387,6,3
5388,5,6
5389,4,4
5390,1,1
5391,9,9
5392,1,0
5393,2,4
5394,1,1
5395,0,0
5396,3,1
5397,0,9
5398,8,8
5399,1,6
5400,1,9
5401,0,2
5402,4,4
5403,9,7
5404,4,2
5405,0,2
5406,7,7
5407,7,4
5408,8,9
5409,1,1
5410,7,3
5411,6,2
5412,6,6
5413,3,3
5414,6,4
5415,4,4
5416,1,9
5417,6,4
5418,8,8
5419,6,2
5420,6,6
5421,6,6
5422,1,1
5423,6,6
5424,6,3
5425,5,6
5426,5,5
5427,1,8
5428,6,4
5429,6,6
5430,7,7
5431,9,1
5432,9,9
5433,4,3
5434,6,6
5435,7,7
5436,6,6
5437,0,0
5438,7,7
5439,1,1
5440,9,9
5441,1,5
5442,5,2
5443,4,6
5444,9,7
5445,7,7
5446,3,6
5447,5,5
5448,9,9
5449,1,1
5450,3,5
5451,6,6
5452,0,0
5453,7,2
5454,0,0
5455,9,9
5456,1,1
5457,8,8
5458,6,3
5459,6,5
5460,0,0
5461,3,0
5462,0,0
5463,5,5
5464,9,7
5465,7,7
5466,3,8
5467,0,5
5468,5,5
5469,5,5
5470,1,1
5471,6,6
5472,9,1
5473,5,5
5474,1,1
5475,0,0
5476,6,6
5477,0,2
5478,3,3
5479,4,2
5480,1,1
5481,4,7
5482,7,5
5483,9,1
5484,9,9
5485,8,8
5486,3,3
5487,9,6
5488,9,9
5489,7,7
5490,5,3
5491,0,0
5492,0,2
5493,5,3
5494,9,9
5495,3,4
5496,6,4
5497,6,3
5498,9,9
5499,6,6
5500,8,8
5501,6,6
5502,6,6
5503,8,8
5504,6,5
5505,6,4
5506,4,3
5507,6,6
5508,7,7
5509,7,7
5510,4,4
5511,6,3
5512,9,9
5513,6,6
5514,0,2
5515,9,4
5516,8,0
5517,3,1
5518,3,3
5519,6,6
5520,6,4
5521,4,9
5522,5,2
5523,6,6
5524,0,0
5525,7,3
5526,8,8
5527,7,7
5528,3,5
5529,9,3
5530,2,3
5531,8,8
5532,3,3
5533,0,2
5534,4,6
5535,3,3
5536,6,6
5537,0,2
5538,4,7
5539,4,4
5540,5,5
5541,7,7
5542,9,9
5543,0,0
5544,0,0
5545,6,6
5546,7,7
5547,9,2
5548,8,8
5549,3,5
5550,6,5
5551,3,7
5552,5,5
5553,5,5
5554,3,9
5555,4,4
5556,6,6
5557,5,4
5558,7,7
5559,3,3
5560,5,3
5561,6,6
5562,2,4
5563,3,1
5564,6,6
5565,3,3
5566,1,1
5567,6,6
5568,7,7
5569,2,0
5570,5,5
5571,4,0
5572,1,1
5573,3,9
5574,9,7
5575,3,3
5576,5,5
5577,4,2
5578,7,3
5579,7,9
5580,5,5
5581,6,6
5582,3,4
5583,0,0
5584,0,0
5585,0,0
5586,8,8
5587,8,0
5588,3,3
5589,2,2
5590,2,4
5591,7,5
5592,3,3
5593,7,7
5594,1,9
5595,6,6
5596,9,9
5597,8,3
5598,1,1
5599,2,2
5600,6,6
5601,0,7
5602,4,4
5603,4,5
5604,1,1
5605,9,3
5606,7,7
5607,8,6
5608,9,9
5609,8,5
5610,6,8
5611,5,5
5612,8,8
5613,5,5
5614,8,8
5615,5,5
5616,6,6
5617,3,5
5618,0,0
5619,9,8
5620,2,3
5621,8,8
5622,1,1
5623,8,8
5624,1,1
5625,7,5
5626,0,0
5627,9,9
5628,1,8
5629,6,6
5630,7,3
5631,5,6
5632,6,3
5633,7,4
5634,2,4
5635,8,7
5636,4,4
5637,7,7
5638,6,4
5639,2,3
5640,3,2
5641,7,4
5642,4,5
5643,6,5
5644,7,7
5645,5,5
5646,0,4
5647,3,5
5648,8,8
5649,0,0
5650,4,5
5651,4,4
5652,0,0
5653,5,5
5654,2,4
5655,8,3
5656,2,3
5657,2,2
5658,4,4
5659,6,2
5660,4,9
5661,5,4
5662,8,8
5663,8,8
5664,6,6
5665,0,2
5666,6,6
5667,1,1
5668,7,7
5669,8,0
5670,6,4
5671,2,3
5672,8,8
5673,5,5
5674,9,9
5675,7,7
5676,6,6
5677,2,7
5678,1,1
5679,5,0
5680,2,2
5681,5,3
5682,5,5
5683,6,6
5684,4,7
5685,9,1
5686,6,6
5687,8,2
5688,8,8
5689,3,3
5690,7,7
5691,4,2
5692,5,5
5693,7,7
5694,5,5
5695,7,7
5696,7,7
5697,9,1
5698,5,7
5699,2,4
5700,3,3
5701,5,3
5702,4,4
5703,1,0
5704,4,4
5705,4,2
5706,7,7
5707,0,0
5708,5,2
5709,2,2
5710,4,6
5711,6,6
5712,2,2
5713,5,5
5714,2,2
5715,3,6
5716,0,0
5717,6,6
5718,1,1
5719,5,2
5720,9,9
5721,0,0
5722,0,0
5723,1,1
5724,3,5
5725,5,5
5726,5,1
5727,1,6
5728,7,7
5729,8,8
5730,3,5
5731,6,6
5732,3,3
5733,3,3
5734,6,6
5735,0,0
5736,9,9
5737,9,9
5738,2,2
5739,6,2
5740,2,6
5741,1,1
5742,4,4
5743,1,6
5744,0,2
5745,7,5
5746,7,7
5747,0,8
5748,8,8
5749,5,5
5750,6,6
5751,4,4
5752,5,3
5753,3,2
5754,3,3
5755,6,4
5756,0,4
5757,7,4
5758,4,8
5759,1,9
5760,4,2
5761,6,6
5762,0,0
5763,0,9
5764,7,7
5765,4,9
5766,8,8
5767,7,7
5768,3,7
5769,6,3
5770,8,8
5771,6,2
5772,9,9
5773,6,3
5774,5,5
5775,4,7
5776,5,5
5777,2,8
5778,7,7
5779,3,3
5780,7,7
5781,8,0
5782,7,7
5783,9,1
5784,6,6
5785,2,2
5786,4,4
5787,0,0
5788,0,0
5789,2,2
5790,9,9
5791,5,8
5792,4,2
5793,8,8
5794,1,7
5795,4,7
5796,5,5
5797,4,5
5798,0,0
5799,1,1
5800,2,2
5801,9,9
5802,6,6
5803,1,1
5804,0,0
5805,1,1
5806,8,0
5807,6,6
5808,3,5
5809,1,0
5810,5,5
5811,3,7
5812,3,4
5813,4,4
5814,8,8
5815,3,3
5816,5,5
5817,4,3
5818,7,7
5819,6,2
5820,5,5
5821,8,8
5822,2,3
5823,5,5
5824,9,7
5825,6,3
5826,7,7
5827,0,0
5828,5,5
5829,4,4
5830,3,5
5831,6,6
5832,0,9
5833,1,3
5834,5,5
5835,7,3
5836,8,8
5837,2,2
5838,7,4
5839,6,2
5840,3,2
5841,4,6
5842,3,7
5843,6,6
5844,8,0
5845,5,5
5846,5,5
5847,8,8
5848,7,4
5849,1,5
5850,4,6
5851,1,1
5852,3,3
5853,5,5
5854,4,4
5855,2,7
5856,5,3
5857,0,0
5858,7,7
5859,4,2
5860,1,0
5861,1,1
5862,3,2
5863,4,4
5864,9,9
5865,6,6
5866,4,4
5867,5,5
5868,9,9
5869,3,7
5870,9,7
5871,4,6
5872,4,7
5873,4,4
5874,3,3
5875,3,1
5876,6,6
5877,9,9
5878,4,4
5879,1,8
5880,0,0
5881,5,3
5882,9,1
5883,6,6
5884,4,4
5885,4,4
5886,3,2
5887,1,1
5888,6,4
5889,6,6
5890,9,3
5891,0,0
5892,8,8
5893,0,9
5894,7,7
5895,6,6
5896,9,8
5897,4,4
5898,6,8
5899,1,1
5900,3,4
5901,5,5
5902,9,9
5903,2,4
5904,7,7
5905,9,1
5906,4,4
5907,5,5
5908,1,3
5909,7,1
5910,5,2
5911,6,6
5912,4,4
5913,7,7
5914,9,1
5915,6,5
5916,9,9
5917,5,3
5918,1,1
5919,8,4
5920,8,8
5921,4,7
5922,4,7
5923,0,0
5924,0,4
5925,3,3
5926,0,4
5927,6,6
5928,7,7
5929,7,7
5930,7,5
5931,4,4
5932,6,4
5933,4,4
5934,7,3
5935,6,6
5936,3,6
5937,1,1
5938,0,9
5939,9,9
5940,6,7
5941,9,9
5942,4,4
5943,3,3
5944,3,2
5945,9,9
5946,1,8
5947,5,5
5948,0,0
5949,6,6
5950,9,9
5951,0,0
5952,9,9
5953,5,7
5954,8,8
5955,2,5
5956,9,4
5957,0,4
5958,1,9
5959,0,4
5960,6,2
5961,5,6
5962,6,6
5963,4,9
5964,9,9
5965,7,7
5966,9,9
5967,9,9
5968,0,0
5969,4,5
5970,1,1
5971,1,1
5972,0,8
5973,6,6
5974,6,9
5975,9,9
5976,5,5
5977,6,6
5978,3,5
5979,6,5
5980,9,9
5981,6,7
5982,6,9
5983,4,4
5984,3,5
5985,4,4
5986,9,3
5987,7,3
5988,9,9
5989,8,8
5990,8,8
5991,8,3
5992,7,4
5993,8,8
5994,4,4
5995,0,0
5996,4,4
5997,0,0
5998,0,7
5999,0,2
6000,8,8
6001,0,0
6002,2,2
6003,0,0
6004,7,7
6005,7,4
6006,0,0
6007,6,6
6008,6,3
6009,3,3
6010,1,1
6011,1,7
6012,4,4
6013,6,6
6014,4,5
6015,8,0
6016,6,4
6017,9,9
6018,6,5
6019,6,6
6020,6,6
6021,3,3
6022,3,0
6023,3,5
6024,2,2
6025,6,6
6026,5,3
6027,4,3
6028,8,8
6029,0,0
6030,1,8
6031,7,5
6032,4,4
6033,4,2
6034,9,9
6035,3,5
6036,0,0
6037,3,5
6038,4,4
6039,8,8
6040,2,2
6041,1,7
6042,6,6
6043,4,5
6044,4,7
6045,8,8
6046,2,2
6047,0,0
6048,1,1
6049,8,8
6050,5,2
6051,4,4
6052,8,8
6053,4,4
6054,3,3
6055,0,0
6056,4,4
6057,0,0
6058,1,1
6059,9,9
6060,3,3
6061,0,0
6062,6,3
6063,6,6
6064,5,5
6065,2,5
6066,6,2
6067,8,8
6068,3,5
6069,0,0
6070,9,8
6071,4,7
6072,5,5
6073,3,2
6074,4,4
6075,1,3
6076,4,7
6077,0,0
6078,0,2
6079,3,3
6080,1,1
6081,2,0
6082,0,0
6083,6,2
6084,1,1
6085,6,2
6086,9,1
6087,4,4
6088,6,6
6089,4,7
6090,9,1
6091,0,0
6092,5,5
6093,6,2
6094,1,5
6095,9,9
6096,2,2
6097,5,5
6098,6,6
6099,7,7
6100,1,1
6101,9,9
6102,9,3
6103,6,6
6104,1,1
6105,0,0
6106,2,2
6107,9,9
6108,8,4
6109,4,2
6110,9,9
6111,5,3
6112,0,8
6113,5,2
6114,9,9
6115,8,8
6116,6,5
6117,1,1
6118,0,0
6119,1,1
6120,5,5
6121,2,2
6122,3,5
6123,6,6
6124,8,8
6125,1,8
6126,3,3
6127,2,5
6128,0,0
6129,7,4
6130,4,1
6131,9,3
6132,5,7
6133,0,0
6134,9,3
6135,3,3
6136,9,9
6137,3,2
6138,0,3
6139,9,9
6140,9,9
6141,0,8
6142,3,5
6143,1,9
6144,7,7
6145,3,2
6146,9,0
6147,9,9
6148,4,4
6149,7,7
6150,9,1
6151,4,7
6152,6,6
6153,7,4
6154,0,4
6155,8,8
6156,4,9
6157,7,0
6158,2,7
6159,1,1
6160,4,2
6161,6,4
6162,7,0
6163,3,3
6164,7,7
6165,4,5
6166,1,1
6167,0,9
6168,9,3
6169,6,5
6170,2,2
6171,4,4
6172,3,1
6173,0,1
6174,9,3
6175,1,3
6176,9,9
6177,5,2
6178,6,5
6179,8,8
6180,7,0
6181,3,8
6182,1,1
6183,5,5
6184,1,1
6185,5,5
6186,1,9
6187,0,0
6188,9,9
6189,0,2
6190,3,4
6191,0,0
6192,6,6
6193,9,9
6194,1,1
6195,3,1
6196,3,3
6197,8,4
6198,9,9
6199,5,5
6200,8,3
6201,9,3
6202,3,3
6203,3,3
6204,9,4
6205,0,1
6206,7,5
6207,9,9
6208,8,8
6209,7,7
6210,3,4
6211,8,8
6212,7,7
6213,4,3
6214,5,5
6215,0,2
6216,5,5
6217,1,8
6218,2,9
6219,7,7
6220,2,2
6221,8,0
6222,0,0
6223,7,7
6224,5,5
6225,1,3
6226,5,5
6227,3,7
6228,9,4
6229,6,6
6230,6,2
6231,9,8
6232,6,2
6233,7,7
6234,5,7
6235,4,6
6236,9,1
6237,7,3
6238,8,8
6239,6,6
6240,2,2
6241,0,0
6242,0,4
6243,2,4
6244,8,8
6245,6,6
6246,9,4
6247,0,0
6248,2,2
6249,5,5
6250,8,4
6251,7,1
6252,2,2
6253,4,5
6254,6,4
6255,6,6
6256,9,9
6257,2,5
6258,0,0
6259,5,5
6260,1,2
6261,0,0
6262,8,8
6263,8,2
6264,4,6
6265,4,4
6266,7,7
6267,9,9
6268,5,5
6269,7,7
6270,6,2
6271,6,6
6272,5,2
6273,1,1
6274,1,9
6275,9,9
6276,7,7
6277,4,2
6278,3,5
6279,1,1
6280,9,8
6281,1,1
6282,6,6
6283,5,3
6284,7,0
6285,8,8
6286,1,8
6287,5,5
6288,6,6
6289,1,9
6290,1,9
6291,9,9
6292,6,6
6293,5,3
6294,0,0
6295,8,8
6296,8,8
6297,5,5
6298,3,3
6299,4,3
6300,1,1
6301,1,1
6302,7,0
6303,0,7
6304,0,0
6305,2,6
6306,0,0
6307,8,4
6308,4,4
6309,6,6
6310,5,5
6311,3,3
6312,2,2
6313,9,9
6314,6,6
6315,1,6
6316,7,7
6317,0,9
6318,7,7
6319,7,7
6320,0,0
6321,8,8
6322,7,4
6323,2,2
6324,7,7
6325,7,7
6326,7,7
6327,6,4
6328,0,0
6329,1,1
6330,6,6
6331,0,0
6332,5,5
6333,3,3
6334,2,0
6335,2,2
6336,4,4
6337,0,9
6338,7,7
6339,6,3
6340,3,3
6341,2,2
6342,8,8
6343,8,8
6344,5,5
6345,5,3
6346,8,8
6347,0,0
6348,0,8
6349,8,0
6350,0,0
6351,0,0
6352,5,2
6353,1,2
6354,9,7
6355,0,0
6356,7,7
6357,4,7
6358,5,7
6359,0,2
6360,2,2
6361,9,0
6362,4,4
6363,0,0
6364,5,3
6365,7,7
6366,8,8
6367,3,4
6368,7,7
6369,9,9
6370,6,6
6371,6,1
6372,1,1
6373,6,6
6374,9,9
6375,3,3
6376,0,8
6377,9,9
6378,5,5
6379,8,8
6380,6,3
6381,9,9
6382,3,4
6383,3,3
6384,7,7
6385,2,5
6386,5,5
6387,3,2
6388,1,7
6389,2,5
6390,7,7
6391,9,9
6392,6,6
6393,5,3
6394,0,0
6395,8,8
6396,4,4
6397,5,5
6398,6,6
6399,1,1
6400,0,0
6401,2,4
6402,8,8
6403,7,4
6404,7,7
6405,1,1
6406,9,3
6407,2,2
6408,0,0
6409,9,9
6410,9,1
6411,8,8
6412,9,8
6413,2,6
6414,8,8
6415,1,1
6416,7,7
6417,1,1
6418,0,0
6419,9,9
6420,7,7
6421,4,6
6422,8,4
6423,4,5
6424,8,8
6425,2,2
6426,1,1
6427,2,2
6428,3,5
6429,1,8
6430,7,1
6431,1,1
6432,0,8
6433,8,8
6434,8,0
6435,9,9
6436,8,0
6437,0,0
6438,4,4
6439,3,3
6440,2,3
6441,5,5
6442,0,6
6443,6,6
6444,3,3
6445,9,1
6446,6,4
6447,4,4
6448,7,7
6449,8,8
6450,0,0
6451,8,1
6452,6,4
6453,1,8
6454,6,4
6455,6,6
6456,2,2
6457,7,2
6458,6,2
6459,6,6
6460,3,3
6461,4,4
6462,0,0
6463,8,8
6464,3,1
6465,6,3
6466,8,8
6467,6,3
6468,0,8
6469,9,9
6470,1,1
6471,6,6
6472,1,1
6473,9,9
6474,8,8
6475,2,2
6476,0,0
6477,4,4
6478,5,7
6479,4,4
6480,7,0
6481,2,0
6482,7,7
6483,6,6
6484,8,8
6485,9,9
6486,1,8
6487,6,6
6488,9,2
6489,8,8
6490,8,8
6491,5,0
6492,1,1
6493,1,1
6494,2,0
6495,7,7
6496,4,7
6497,4,4
6498,5,4
6499,6,7
6500,9,7
6501,2,2
6502,6,6
6503,2,6
6504,7,7
6505,4,4
6506,5,5
6507,8,4
6508,0,0
6509,9,9
6510,5,4
6511,7,7
6512,2,2
6513,7,5
6514,4,3
6515,2,2
6516,3,2
6517,3,7
6518,6,6
6519,6,2
6520,6,6
6521,4,4
6522,9,9
6523,4,6
6524,8,8
6525,3,3
6526,1,8
6527,5,5
6528,5,5
6529,2,2
6530,5,3
6531,7,4
6532,5,5
6533,3,2
6534,7,7
6535,7,5
6536,1,1
6537,5,5
6538,5,3
6539,7,7
6540,2,8
6541,1,8
6542,9,9
6543,5,6
6544,8,0
6545,8,9
6546,2,2
6547,6,6
6548,0,0
6549,0,0
6550,1,1
6551,4,4
6552,1,1
6553,3,3
6554,4,5
6555,1,1
6556,6,8
6557,9,9
6558,6,6
6559,4,2
6560,6,6
6561,9,9
6562,5,5
6563,6,6
6564,3,5
6565,9,9
6566,9,1
6567,4,4
6568,2,2
6569,9,8
6570,3,9
6571,6,5
6572,4,4
6573,5,7
6574,8,0
6575,3,3
6576,5,7
6577,1,1
6578,6,6
6579,1,9
6580,3,1
6581,9,1
6582,3,4
6583,0,0
6584,6,5
6585,1,1
6586,6,6
6587,8,3
6588,0,0
6589,6,2
6590,2,5
6591,3,5
6592,5,5
6593,2,2
6594,9,8
6595,0,2
6596,3,3
6597,1,1
6598,4,6
6599,4,2
6600,7,7
6601,0,0
6602,9,8
6603,3,9
6604,5,2
6605,6,6
6606,3,4
6607,8,7
6608,5,5
6609,2,5
6610,0,8
6611,8,8
6612,1,7
6613,1,8
6614,2,5
6615,4,7
6616,0,4
6617,7,4
6618,0,0
6619,0,0
6620,7,7
6621,8,0
6622,4,4
6623,0,0
6624,4,4
6625,4,4
6626,2,2
6627,2,5
6628,5,4
6629,0,0
6630,9,7
6631,4,7
6632,7,7
6633,0,0
6634,7,4
6635,0,6
6636,2,2
6637,9,9
6638,1,1
6639,9,1
6640,3,5
6641,3,0
6642,7,9
6643,1,1
6644,0,0
6645,3,6
6646,7,5
6647,3,3
6648,0,0
6649,0,9
6650,0,0
6651,6,6
6652,4,2
6653,0,0
6654,4,4
6655,3,1
6656,0,6
6657,2,7
6658,6,6
6659,1,1
6660,0,0
6661,4,4
6662,6,6
6663,8,0
6664,4,4
6665,5,4
6666,4,2
6667,7,7
6668,6,6
6669,2,5
6670,3,3
6671,3,5
6672,1,9
6673,6,4
6674,5,5
6675,2,2
6676,0,0
6677,5,5
6678,2,7
6679,4,2
6680,5,3
6681,2,9
6682,4,4
6683,5,5
6684,4,8
6685,9,1
6686,1,9
6687,6,3
6688,1,1
6689,8,8
6690,5,5
6691,8,8
6692,6,6
6693,6,6
6694,5,3
6695,4,4
6696,0,0
6697,2,2
6698,6,3
6699,2,2
6700,1,6
6701,1,1
6702,8,8
6703,6,2
6704,1,1
6705,4,3
6706,6,6
6707,5,2
6708,6,2
6709,3,3
6710,3,3
6711,5,5
6712,0,0
6713,2,2
6714,0,1
6715,2,2
6716,8,8
6717,0,0
6718,8,8
6719,2,2
6720,4,2
6721,5,7
6722,5,3
6723,7,5
6724,1,9
6725,8,8
6726,3,3
6727,6,6
6728,1,1
6729,1,0
6730,8,8
6731,6,6
6732,7,3
6733,5,5
6734,8,8
6735,9,9
6736,2,4
6737,7,8
6738,0,0
6739,0,0
6740,2,2
6741,3,9
6742,1,1
6743,8,8
6744,3,3
6745,7,7
6746,2,2
6747,8,8
6748,2,0
6749,9,9
6750,2,4
6751,8,8
6752,9,9
6753,3,4
6754,2,8
6755,9,9
6756,9,5
6757,7,4
6758,8,8
6759,9,1
6760,5,5
6761,5,5
6762,2,7
6763,8,2
6764,5,5
6765,9,8
6766,8,8
6767,1,1
6768,6,2
6769,5,3
6770,1,1
6771,3,5
6772,0,0
6773,6,2
6774,3,3
6775,0,0
6776,8,8
6777,4,2
6778,2,2
6779,1,8
6780,7,7
6781,6,3
6782,1,5
6783,6,3
6784,9,9
6785,6,6
6786,4,3
6787,5,5
6788,1,1
6789,1,1
6790,3,7
6791,7,7
6792,3,3
6793,3,3
6794,8,8
6795,1,9
6796,6,6
6797,0,0
6798,8,8
6799,9,0
6800,6,6
6801,6,6
6802,4,4
6803,6,6
6804,7,9
6805,1,1
6806,1,1
6807,0,7
6808,8,0
6809,6,6
6810,8,8
6811,9,9
6812,9,0
6813,6,6
6814,9,9
6815,0,0
6816,1,1
6817,8,1
6818,7,7
6819,1,2
6820,1,1
6821,0,0
6822,6,4
6823,5,5
6824,0,0
6825,1,3
6826,4,6
6827,2,3
6828,3,3
6829,6,8
6830,1,1
6831,8,8
6832,3,1
6833,3,3
6834,1,1
6835,9,5
6836,4,4
6837,6,5
6838,1,1
6839,4,8
6840,9,9
6841,7,1
6842,5,3
6843,1,1
6844,7,7
6845,4,2
6846,9,9
6847,8,8
6848,8,9
6849,4,4
6850,6,6
6851,8,0
6852,0,9
6853,4,4
6854,9,0
6855,6,4
6856,6,6
6857,4,2
6858,0,1
6859,5,3
6860,0,0
6861,0,8
6862,5,5
6863,6,6
6864,0,0
6865,4,3
6866,4,4
6867,6,6
6868,9,9
6869,6,5
6870,7,7
6871,9,9
6872,5,0
6873,3,3
6874,4,6
6875,5,5
6876,7,7
6877,0,0
6878,5,5
6879,0,1
6880,2,2
6881,0,2
6882,9,9
6883,5,7
6884,8,0
6885,0,0
6886,1,1
6887,3,4
6888,8,4
6889,5,5
6890,5,5
6891,9,9
6892,6,6
6893,3,3
6894,6,6
6895,2,2
6896,6,6
6897,8,9
6898,5,3
6899,7,2
6900,9,3
6901,7,2
6902,4,4
6903,9,9
6904,5,5
6905,4,2
6906,9,1
6907,6,6
6908,6,6
6909,4,4
6910,9,7
6911,6,6
6912,5,3
6913,6,3
6914,8,8
6915,1,1
6916,7,4
6917,6,6
6918,4,4
6919,4,4
6920,4,5
6921,6,6
6922,2,2
6923,0,0
6924,6,5
6925,0,2
6926,3,7
6927,0,5
6928,2,2
6929,5,5
6930,0,2
6931,5,5
6932,1,9
6933,0,0
6934,6,6
6935,7,7
6936,1,9
6937,8,8
6938,4,3
6939,0,2
6940,1,1
6941,2,4
6942,3,3
6943,4,4
6944,5,5
6945,5,5
6946,5,6
6947,8,8
6948,6,6
6949,0,0
6950,8,8
6951,9,9
6952,2,8
6953,0,0
6954,9,7
6955,7,7
6956,6,6
6957,6,6
6958,2,7
6959,7,5
6960,8,9
6961,3,8
6962,7,7
6963,9,9
6964,5,5
6965,3,6
6966,0,0
6967,3,4
6968,8,8
6969,4,2
6970,0,0
6971,9,9
6972,1,1
6973,3,3
6974,1,9
6975,1,8
6976,3,3
6977,3,7
6978,7,4
6979,4,5
6980,9,0
6981,6,2
6982,1,1
6983,7,9
6984,1,1
6985,8,0
6986,3,5
6987,8,8
6988,3,4
6989,9,7
6990,3,3
6991,1,1
6992,6,4
6993,5,5
6994,4,3
6995,3,1
6996,0,0
6997,1,8
6998,8,8
6999,8,8
7000,8,2
7001,1,1
7002,6,3
7003,0,7
7004,0,3
7005,9,1
7006,6,6
7007,1,9
7008,1,1
7009,6,6
7010,0,0
7011,7,7
7012,7,7
7013,1,1
7014,0,3
7015,3,3
7016,6,3
7017,7,1
7018,0,0
7019,4,2
7020,7,7
7021,1,1
7022,2,2
7023,2,2
7024,9,9
7025,6,6
7026,6,3
7027,5,5
7028,4,9
7029,7,4
7030,9,8
7031,0,0
7032,4,4
7033,8,8
7034,0,0
7035,9,1
7036,3,3
7037,7,7
7038,0,0
7039,9,4
7040,8,7
7041,8,4
7042,0,8
7043,6,6
7044,6,4
7045,6,3
7046,9,9
7047,8,8
7048,2,2
7049,2,2
7050,8,8
7051,6,3
7052,1,1
7053,1,1
7054,2,2
7055,0,8
7056,2,2
7057,6,6
7058,9,9
7059,4,4
7060,8,8
7061,7,4
7062,6,4
7063,5,1
7064,5,5
7065,5,2
7066,6,6
7067,7,9
7068,4,2
7069,0,0
7070,4,7
7071,1,1
7072,0,8
7073,9,9
7074,3,3
7075,9,9
7076,9,9
7077,0,0
7078,7,7
7079,7,7
7080,3,5
7081,3,4
7082,0,2
7083,6,6
7084,3,4
7085,3,5
7086,9,7
7087,3,7
7088,8,8
7089,7,7
7090,3,2
7091,6,6
7092,4,2
7093,4,2
7094,4,4
7095,8,4
7096,0,0
7097,3,7
7098,1,1
7099,3,3
7100,7,9
7101,6,6
7102,0,0
7103,8,0
7104,5,2
7105,5,3
7106,8,8
7107,2,2
7108,2,2
7109,4,4
7110,2,3
7111,5,5
7112,0,2
7113,8,9
7114,1,1
7115,8,0
7116,0,0
7117,1,6
7118,5,5
7119,8,5
7120,7,7
7121,9,9
7122,9,9
7123,6,6
7124,5,5
7125,5,5
7126,3,0
7127,6,5
7128,9,7
7129,1,1
7130,6,6
7131,5,6
7132,4,4
7133,8,1
7134,4,4
7135,4,4
7136,1,1
7137,5,5
7138,0,0
7139,0,0
7140,4,4
7141,3,5
7142,8,8
7143,4,4
7144,8,8
7145,5,3
7146,0,0
7147,5,5
7148,0,0
7149,5,5
7150,2,3
7151,9,1
7152,6,6
7153,7,7
7154,8,0
7155,9,9
7156,1,1
7157,5,5
7158,7,7
7159,6,6
7160,5,5
7161,9,5
7162,7,5
7163,6,6
7164,0,0
7165,0,0
7166,1,1
7167,7,7
7168,3,5
7169,4,1
7170,1,9
7171,2,2
7172,4,4
7173,3,1
7174,6,3
7175,7,7
7176,1,8
7177,0,2
7178,8,0
7179,9,9
7180,6,6
7181,6,6
7182,8,0
7183,5,6
7184,5,5
7185,8,8
7186,2,2
7187,7,7
7188,4,4
7189,0,0
7190,2,2
7191,7,7
7192,7,7
7193,8,8
7194,8,8
7195,7,7
7196,0,0
7197,3,4
7198,9,9
7199,1,1
7200,3,4
7201,1,4
7202,3,3
7203,5,5
7204,7,4
7205,6,6
7206,3,2
7207,3,3
7208,1,1
7209,0,0
7210,3,3
7211,3,3
7212,3,3
7213,5,6
7214,2,3
7215,1,1
7216,2,2
7217,3,8
7218,0,9
7219,7,7
7220,7,9
7221,3,3
7222,8,8
7223,7,7
7224,1,3
7225,1,1
7226,7,7
7227,9,7
7228,2,3
7229,3,2
7230,2,2
7231,3,8
7232,1,9
7233,3,5
7234,9,9
7235,2,2
7236,9,1
7237,7,7
7238,6,4
7239,8,4
7240,8,0
7241,6,5
7242,6,7
7243,1,1
7244,5,5
7245,4,4
7246,0,0
7247,9,8
7248,4,4
7249,9,9
7250,8,8
7251,7,7
7252,8,8
7253,2,4
7254,3,2
7255,3,3
7256,4,4
7257,0,0
7258,3,5
7259,4,4
7260,0,1
7261,9,8
7262,6,2
7263,2,5
7264,4,4
7265,3,5
7266,4,2
7267,6,5
7268,3,3
7269,7,7
7270,1,9
7271,7,7
7272,1,1
7273,4,4
7274,9,1
7275,7,3
7276,1,1
7277,4,4
7278,5,5
7279,5,5
7280,1,1
7281,2,7
7282,1,1
7283,7,3
7284,8,0
7285,1,1
7286,7,2
7287,5,5
7288,7,7
7289,0,0
7290,6,6
7291,3,3
7292,1,5
7293,7,7
7294,5,5
7295,3,5
7296,8,8
7297,1,9
7298,4,4
7299,6,6
7300,9,3
7301,6,6
7302,6,6
7303,8,8
7304,3,2
7305,6,6
7306,4,4
7307,8,8
7308,4,4
7309,1,1
7310,7,3
7311,8,1
7312,5,2
7313,3,3
7314,3,3
7315,3,0
7316,1,1
7317,6,6
7318,2,4
7319,2,2
7320,8,8
7321,2,2
7322,4,4
7323,5,3
7324,8,1
7325,4,4
7326,6,4
7327,4,4
7328,7,4
7329,9,1
7330,2,5
7331,5,5
7332,7,7
7333,6,6
7334,5,5
7335,0,4
7336,2,5
7337,6,6
7338,2,5
7339,6,6
7340,2,2
7341,4,4
7342,7,7
7343,3,7
7344,6,4
7345,6,6
7346,5,5
7347,0,0
7348,3,2
7349,3,3
7350,6,9
7351,1,2
7352,3,3
7353,0,8
7354,0,0
7355,7,7
7356,0,0
7357,6,6
7358,8,8
7359,1,1
7360,1,2
7361,5,8
7362,1,9
7363,1,1
7364,5,5
7365,4,4
7366,5,2
7367,5,3
7368,5,5
7369,5,5
7370,9,3
7371,6,6
7372,1,5
7373,0,0
7374,3,3
7375,7,2
7376,1,1
7377,6,3
7378,5,3
7379,7,7
7380,7,7
7381,4,4
7382,9,9
7383,2,4
7384,5,3
7385,9,9
7386,5,5
7387,1,1
7388,7,7
7389,6,6
7390,6,6
7391,4,4
7392,3,8
7393,3,5
7394,1,1
7395,3,2
7396,8,8
7397,4,4
7398,3,5
7399,3,3
7400,5,3
7401,3,3
7402,0,0
7403,2,4
7404,0,8
7405,1,7
7406,4,7
7407,9,9
7408,6,4
7409,8,8
7410,4,4
7411,5,5
7412,8,9
7413,6,1
7414,0,8
7415,8,3
7416,1,1
7417,3,3
7418,8,8
7419,7,0
7420,4,3
7421,5,5
7422,4,4
7423,3,6
7424,9,9
7425,2,2
7426,7,7
7427,6,2
7428,0,0
7429,3,5
7430,6,2
7431,0,9
7432,7,7
7433,5,5
7434,0,0
7435,7,7
7436,0,0
7437,5,3
7438,5,5
7439,8,5
7440,6,3
7441,8,8
7442,5,7
7443,6,7
7444,1,9
7445,6,6
7446,9,5
7447,0,8
7448,9,9
7449,6,0
7450,1,1
7451,1,9
7452,4,4
7453,9,0
7454,0,0
7455,1,1
7456,7,7
7457,6,2
7458,2,2
7459,8,8
7460,5,5
7461,7,9
7462,1,8
7463,2,2
7464,8,8
7465,0,0
7466,6,6
7467,6,6
7468,8,8
7469,4,6
7470,9,9
7471,6,6
7472,1,1
7473,1,1
7474,5,5
7475,5,3
7476,5,5
7477,1,0
7478,7,7
7479,6,6
7480,1,1
7481,4,4
7482,4,4
7483,9,1
7484,1,1
7485,8,8
7486,0,1
7487,1,1
7488,2,2
7489,9,3
7490,1,4
7491,9,9
7492,9,9
7493,8,5
7494,6,2
7495,7,7
7496,0,3
7497,1,3
7498,6,6
7499,9,9
7500,6,6
7501,9,9
7502,9,8
7503,2,8
7504,3,6
7505,7,7
7506,7,4
7507,7,7
7508,4,2
7509,1,3
7510,8,8
7511,0,0
7512,9,9
7513,1,0
7514,7,7
7515,1,8
7516,1,1
7517,2,2
7518,6,3
7519,8,2
7520,4,4
7521,2,2
7522,9,9
7523,0,0
7524,8,3
7525,8,8
7526,0,9
7527,6,6
7528,5,5
7529,5,5
7530,0,2
7531,3,4
7532,1,1
7533,0,0
7534,6,6
7535,1,1
7536,1,8
7537,4,4
7538,5,5
7539,5,5
7540,5,5
7541,0,0
7542,9,8
7543,9,9
7544,0,0
7545,4,5
7546,7,7
7547,9,9
7548,5,6
7549,3,3
7550,4,4
7551,7,6
7552,0,4
7553,9,9
7554,3,7
7555,5,1
7556,0,2
7557,2,5
7558,2,2
7559,0,8
7560,0,0
7561,5,2
7562,6,2
7563,9,9
7564,8,8
7565,1,1
7566,9,9
7567,9,7
7568,5,7
7569,3,3
7570,7,1
7571,9,4
7572,1,1
7573,1,1
7574,0,3
7575,8,8
7576,8,8
7577,1,1
7578,5,9
7579,5,3
7580,8,8
7581,1,9
7582,3,5
7583,1,1
7584,9,1
7585,6,6
7586,9,2
7587,4,7
7588,2,2
7589,6,6
7590,4,2
7591,4,6
7592,9,9
7593,6,6
7594,0,0
7595,9,1
7596,3,3
7597,1,9
7598,6,3
7599,8,8
7600,9,8
7601,2,8
7602,3,2
7603,9,9
7604,1,1
7605,6,2
7606,6,6
7607,8,0
7608,5,5
7609,7,0
7610,7,7
7611,9,7
7612,7,7
7613,9,9
7614,4,4
7615,3,5
7616,0,0
7617,0,2
7618,3,3
7619,9,5
7620,1,5
7621,8,8
7622,1,9
7623,1,1
7624,6,2
7625,7,7
7626,1,1
7627,3,3
7628,2,4
7629,6,6
7630,5,9
7631,1,1
7632,1,0
7633,7,7
7634,1,1
7635,9,9
7636,5,5
7637,8,8
7638,1,1
7639,9,9
7640,1,9
7641,5,7
7642,9,9
7643,9,8
7644,3,3
7645,0,0
7646,3,2
7647,6,6
7648,7,0
7649,3,2
7650,2,2
7651,4,4
7652,0,0
7653,7,8
7654,6,4
7655,8,8
7656,0,1
7657,3,2
7658,7,7
7659,2,2
7660,7,7
7661,9,9
7662,5,5
7663,2,2
7664,5,2
7665,9,9
7666,7,2
7667,6,6
7668,5,5
7669,4,7
7670,7,2
7671,5,5
7672,6,6
7673,6,5
7674,9,1
7675,1,8
7676,6,2
7677,6,6
7678,8,8
7679,6,6
7680,5,3
7681,0,0
7682,8,8
7683,0,0
7684,0,0
7685,1,9
7686,2,9
7687,6,6
7688,8,8
7689,8,0
7690,6,6
7691,6,6
7692,0,0
7693,0,7
7694,9,9
7695,8,8
7696,0,0
7697,7,5
7698,0,0
7699,9,9
7700,6,6
7701,0,0
7702,6,4
7703,7,7
7704,9,1
7705,7,7
7706,1,8
7707,8,8
7708,2,2
7709,4,3
7710,9,9
7711,6,6
7712,5,5
7713,5,5
7714,5,3
7715,1,1
7716,7,5
7717,3,3
7718,8,0
7719,2,2
7720,5,5
7721,2,2
7722,7,7
7723,3,3
7724,8,8
7725,6,4
7726,4,4
7727,6,6
7728,8,1
7729,9,9
7730,4,4
7731,9,1
7732,7,7
7733,0,0
7734,1,1
7735,0,4
7736,3,3
7737,0,0
7738,2,2
7739,9,9
7740,6,4
7741,5,5
7742,0,0
7743,0,3
7744,9,4
7745,7,7
7746,0,2
7747,3,3
7748,0,0
7749,8,1
7750,6,3
7751,4,7
7752,1,9
7753,9,9
7754,8,0
7755,7,7
7756,5,5
7757,3,6
7758,7,7
7759,1,1
7760,1,2
7761,5,2
7762,7,7
7763,3,4
7764,6,6
7765,8,8
7766,6,4
7767,9,9
7768,8,8
7769,7,4
7770,9,9
7771,1,2
7772,8,3
7773,6,4
7774,0,0
7775,3,2
7776,5,5
7777,6,6
7778,6,0
7779,2,5
7780,3,3
7781,5,5
7782,8,8
7783,5,3
7784,6,7
7785,2,4
7786,9,9
7787,3,5
7788,6,6
7789,3,3
7790,8,8
7791,6,6
7792,1,9
7793,8,8
7794,3,5
7795,9,5
7796,8,8
7797,6,3
7798,3,5
7799,9,9
7800,0,0
7801,4,4
7802,6,2
7803,0,0
7804,5,5
7805,9,9
7806,0,9
7807,3,3
7808,9,8
7809,8,0
7810,6,6
7811,0,0
7812,9,2
7813,0,3
7814,9,7
7815,1,0
7816,4,0
7817,6,6
7818,9,9
7819,9,1
7820,5,5
7821,2,2
7822,6,2
7823,4,7
7824,1,9
7825,3,3
7826,1,9
7827,7,3
7828,5,5
7829,0,2
7830,4,2
7831,4,2
7832,8,8
7833,8,8
7834,4,5
7835,0,0
7836,0,0
7837,7,7
7838,0,0
7839,8,3
7840,1,1
7841,4,6
7842,8,5
7843,7,0
7844,9,9
7845,3,2
7846,3,6
7847,6,7
7848,4,4
7849,0,2
7850,0,0
7851,0,0
7852,7,5
7853,5,3
7854,2,3
7855,5,2
7856,6,6
7857,4,4
7858,5,2
7859,7,7
7860,1,8
7861,6,0
7862,1,1
7863,0,0
7864,1,1
7865,5,3
7866,6,6
7867,0,4
7868,8,8
7869,0,0
7870,6,6
7871,0,0
7872,0,9
7873,0,1
7874,6,6
7875,3,2
7876,1,1
7877,0,0
7878,1,1
7879,6,3
7880,0,0
7881,2,3
7882,2,7
7883,9,9
7884,1,9
7885,3,3
7886,7,7
7887,3,5
7888,7,7
7889,1,1
7890,6,6
7891,6,6
7892,9,1
7893,1,1
7894,9,1
7895,6,4
7896,6,4
7897,1,2
7898,1,1
7899,3,7
7900,0,0
7901,4,1
7902,4,2
7903,1,1
7904,1,1
7905,7,3
7906,8,2
7907,6,6
7908,6,9
7909,9,1
7910,3,3
7911,2,2
7912,7,0
7913,8,8
7914,4,7
7915,5,3
7916,2,4
7917,6,6
7918,3,4
7919,6,6
7920,7,9
7921,4,4
7922,5,8
7923,9,9
7924,3,3
7925,0,0
7926,5,5
7927,4,7
7928,2,2
7929,0,0
7930,0,2
7931,9,9
7932,1,9
7933,3,3
7934,8,8
7935,2,7
7936,1,1
7937,1,1
7938,2,2
7939,2,2
7940,6,2
7941,2,5
7942,7,9
7943,1,1
7944,0,2
7945,6,6
7946,9,1
7947,6,2
7948,1,1
7949,9,8
7950,6,9
7951,2,2
7952,8,3
7953,5,1
7954,1,9
7955,1,9
7956,6,4
7957,0,4
7958,3,5
7959,2,5
7960,0,0
7961,6,3
7962,6,3
7963,7,7
7964,8,1
7965,7,7
7966,7,7
7967,7,9
7968,8,8
7969,1,6
7970,7,3
7971,5,5
7972,3,5
7973,1,1
7974,4,6
7975,2,2
7976,4,7
7977,8,8
7978,3,4
7979,3,3
7980,6,3
7981,5,5
7982,9,9
7983,9,6
7984,8,8
7985,5,5
7986,1,1
7987,0,0
7988,6,6
7989,3,7
7990,0,0
7991,9,9
7992,6,6
7993,2,2
7994,0,0
7995,0,8
7996,7,7
7997,8,1
7998,0,2
7999,6,6
8000,0,9
8001,1,1
8002,6,6
8003,7,4
8004,5,7
8005,3,1
8006,9,9
8007,2,0
8008,0,0
8009,6,5
8010,2,2
8011,8,8
8012,3,3
8013,0,8
8014,4,2
8015,8,8
8016,6,4
8017,0,0
8018,8,8
8019,6,3
8020,6,6
8021,9,1
8022,2,2
8023,1,3
8024,0,0
8025,3,5
8026,8,0
8027,6,4
8028,1,1
8029,9,7
8030,0,2
8031,0,0
8032,1,1
8033,3,3
8034,1,9
8035,5,1
8036,3,6
8037,1,1
8038,6,6
8039,1,1
8040,2,2
8041,9,8
8042,7,7
8043,2,0
8044,9,9
8045,5,5
8046,0,8
8047,8,0
8048,0,0
8049,1,1
8050,6,7
8051,7,9
8052,7,7
8053,1,1
8054,9,9
8055,6,2
8056,1,1
8057,9,9
8058,0,4
8059,5,3
8060,6,6
8061,0,0
8062,6,2
8063,0,0
8064,0,0
8065,9,9
8066,3,9
8067,8,8
8068,4,9
8069,4,4
8070,5,5
8071,4,4
8072,3,3
8073,0,0
8074,7,7
8075,8,8
8076,7,7
8077,3,3
8078,9,7
8079,3,5
8080,6,4
8081,4,6
8082,5,5
8083,9,9
8084,3,5
8085,8,2
8086,4,4
8087,1,2
8088,7,7
8089,9,9
8090,6,6
8091,7,7
8092,7,4
8093,7,7
8094,1,1
8095,0,2
8096,3,3
8097,1,1
8098,1,1
8099,3,3
8100,1,6
8101,8,8
8102,7,3
8103,1,7
8104,3,7
8105,0,0
8106,8,8
8107,1,1
8108,5,5
8109,2,2
8110,6,5
8111,5,5
8112,6,3
8113,6,6
8114,3,3
8115,3,5
8116,1,9
8117,8,8
8118,2,4
8119,5,6
8120,8,8
8121,0,0
8122,6,4
8123,9,1
8124,7,7
8125,8,8
8126,7,4
8127,4,9
8128,7,7
8129,7,2
8130,6,6
8131,6,3
8132,8,8
8133,8,8
8134,6,6
8135,7,7
8136,9,3
8137,3,8
8138,0,1
8139,1,1
8140,5,5
8141,3,3
8142,7,7
8143,3,9
8144,1,9
8145,9,9
8146,0,8
8147,0,5
8148,9,9
8149,9,9
8150,6,6
8151,8,8
8152,1,8
8153,0,4
8154,1,8
8155,1,1
8156,0,0
8157,1,1
8158,8,8
8159,8,8
8160,3,6
8161,7,5
8162,9,9
8163,0,0
8164,6,6
8165,1,1
8166,6,2
8167,6,6
8168,6,6
8169,2,3
8170,5,5
8171,6,6
8172,5,5
8173,3,5
8174,3,3
8175,9,3
8176,5,6
8177,8,8
8178,7,9
8179,4,4
8180,4,4
8181,3,3
8182,8,8
8183,5,3
8184,2,6
8185,0,0
8186,8,8
8187,5,5
8188,7,7
8189,8,8
8190,6,4
8191,6,6
8192,5,5
8193,5,3
8194,1,1
8195,8,8
8196,3,3
8197,0,0
8198,4,4
8199,4,4
8200,3,3
8201,3,3
8202,4,5
8203,3,3
8204,6,3
8205,0,2
8206,7,7
8207,7,7
8208,8,8
8209,6,2
8210,0,0
8211,5,5
8212,6,5
8213,6,6
8214,0,1
8215,9,1
8216,3,3
8217,9,9
8218,9,9
8219,3,3
8220,2,6
8221,7,7
8222,8,1
8223,8,8
8224,6,3
8225,8,9
8226,6,8
8227,7,7
8228,8,8
8229,3,8
8230,0,0
8231,6,3
8232,2,2
8233,6,4
8234,1,8
8235,7,7
8236,3,5
8237,7,7
8238,7,1
8239,8,8
8240,7,7
8241,0,3
8242,5,5
8243,2,4
8244,4,4
8245,5,3
8246,0,8
8247,6,6
8248,0,1
8249,0,1
8250,6,6
8251,9,3
8252,4,2
8253,2,2
8254,0,8
8255,9,9
8256,0,8
8257,3,3
8258,3,3
8259,1,8
8260,1,1
8261,1,1
8262,0,0
8263,5,5
8264,2,2
8265,0,0
8266,8,5
8267,0,0
8268,2,5
8269,0,8
8270,6,6
8271,3,3
8272,9,9
8273,6,6
8274,6,6
8275,3,3
8276,9,9
8277,6,4
8278,9,8
8279,3,3
8280,7,4
8281,5,3
8282,1,1
8283,9,1
8284,7,2
8285,8,9
8286,7,7
8287,8,8
8288,5,5
8289,7,5
8290,8,8
8291,6,6
8292,9,9
8293,6,0
8294,8,8
8295,0,3
8296,3,5
8297,1,1
8298,3,3
8299,9,3
8300,6,5
8301,7,5
8302,6,3
8303,0,8
8304,9,1
8305,6,4
8306,7,6
8307,7,4
8308,2,2
8309,4,4
8310,6,3
8311,8,8
8312,7,9
8313,7,6
8314,6,6
8315,4,6
8316,5,5
8317,3,5
8318,7,2
8319,9,7
8320,9,7
8321,4,4
8322,4,4
8323,9,9
8324,5,3
8325,8,8
8326,6,3
8327,8,7
8328,1,7
8329,8,8
8330,5,5
8331,6,3
8332,1,9
8333,6,1
8334,6,6
8335,3,7
8336,5,3
8337,3,3
8338,9,3
8339,8,8
8340,4,5
8341,4,6
8342,8,1
8343,3,3
8344,2,7
8345,1,9
8346,3,6
8347,1,1
8348,6,6
8349,7,4
8350,7,9
8351,0,0
8352,5,5
8353,0,7
8354,4,4
8355,9,9
8356,1,1
8357,8,0
8358,0,0
8359,2,2
8360,7,7
8361,8,8
8362,7,3
8363,6,2
8364,4,7
8365,3,6
8366,1,1
8367,6,6
8368,6,6
8369,6,4
8370,4,4
8371,2,2
8372,1,1
8373,8,8
8374,6,4
8375,4,4
8376,3,7
8377,8,8
8378,6,5
8379,8,8
8380,9,9
8381,6,4
8382,3,3
8383,6,2
8384,1,2
8385,1,9
8386,3,3
8387,0,0
8388,9,1
8389,3,1
8390,4,1
8391,1,1
8392,6,6
8393,8,8
8394,9,7
8395,1,1
8396,3,3
8397,8,0
8398,4,4
8399,2,5
8400,0,0
8401,3,3
8402,0,0
8403,6,6
8404,2,2
8405,6,0
8406,9,9
8407,8,8
8408,2,6
8409,8,8
8410,1,5
8411,0,8
8412,8,2
8413,1,9
8414,6,6
8415,0,0
8416,6,6
8417,8,1
8418,8,8
8419,5,7
8420,3,3
8421,6,2
8422,1,2
8423,6,6
8424,5,5
8425,6,6
8426,9,9
8427,0,2
8428,6,5
8429,2,4
8430,9,9
8431,0,8
8432,3,5
8433,4,3
8434,0,9
8435,9,3
8436,5,5
8437,7,7
8438,1,1
8439,8,8
8440,3,5
8441,8,8
8442,6,6
8443,7,2
8444,5,5
8445,1,1
8446,3,3
8447,8,0
8448,3,4
8449,1,1
8450,9,9
8451,4,5
8452,4,4
8453,9,9
8454,2,2
8455,1,1
8456,4,4
8457,4,2
8458,5,5
8459,9,9
8460,8,8
8461,7,7
8462,2,2
8463,1,1
8464,4,6
8465,1,9
8466,7,7
8467,5,3
8468,6,6
8469,5,5
8470,9,8
8471,0,0
8472,2,2
8473,0,2
8474,4,4
8475,6,9
8476,4,0
8477,5,5
8478,5,5
8479,7,4
8480,4,2
8481,3,3
8482,1,1
8483,0,0
8484,5,3
8485,0,0
8486,4,4
8487,3,4
8488,1,9
8489,8,1
8490,5,3
8491,8,3
8492,1,0
8493,5,2
8494,6,1
8495,1,1
8496,0,0
8497,4,4
8498,1,1
8499,9,9
8500,4,4
8501,8,8
8502,4,1
8503,1,1
8504,1,1
8505,5,5
8506,9,9
8507,0,8
8508,1,1
8509,6,6
8510,1,7
8511,1,2
8512,9,9
8513,7,9
8514,7,7
8515,8,8
8516,9,8
8517,2,1
8518,9,9
8519,7,7
8520,1,8
8521,8,9
8522,1,1
8523,6,6
8524,5,6
8525,6,3
8526,9,3
8527,6,1
8528,0,3
8529,0,0
8530,9,8
8531,0,8
8532,1,3
8533,6,6
8534,6,6
8535,7,7
8536,0,1
8537,0,0
8538,7,7
8539,6,6
8540,6,4
8541,1,8
8542,3,2
8543,0,0
8544,6,6
8545,6,6
8546,8,8
8547,6,6
8548,1,3
8549,1,1
8550,1,1
8551,8,8
8552,6,6
8553,7,7
8554,0,0
8555,5,5
8556,8,4
8557,3,3
8558,2,2
8559,1,1
8560,7,7
8561,8,8
8562,6,2
8563,7,0
8564,0,1
8565,7,7
8566,2,4
8567,8,8
8568,7,7
8569,6,6
8570,6,6
8571,7,7
8572,0,0
8573,0,6
8574,4,4
8575,9,9
8576,0,2
8577,6,3
8578,5,2
8579,1,1
8580,5,3
8581,7,8
8582,6,6
8583,1,8
8584,0,1
8585,0,9
8586,6,6
8587,7,7
8588,6,6
8589,2,5
8590,0,0
8591,6,6
8592,0,0
8593,9,1
8594,6,3
8595,9,1
8596,1,1
8597,1,5
8598,1,3
8599,4,4
8600,3,3
8601,6,3
8602,8,8
8603,1,1
8604,6,6
8605,5,6
8606,3,1
8607,8,8
8608,9,8
8609,6,6
8610,2,2
8611,7,7
8612,4,4
8613,6,6
8614,1,8
8615,7,9
8616,4,3
8617,2,3
8618,5,5
8619,5,5
8620,1,3
8621,5,1
8622,4,4
8623,1,1
8624,9,9
8625,5,5
8626,1,1
8627,7,7
8628,3,7
8629,6,7
8630,5,5
8631,3,2
8632,3,3
8633,3,3
8634,5,6
8635,6,6
8636,6,6
8637,4,4
8638,0,0
8639,8,7
8640,1,1
8641,7,7
8642,6,3
8643,0,0
8644,8,8
8645,1,1
8646,3,2
8647,4,4
8648,1,1
8649,2,2
8650,5,2
8651,2,4
8652,9,9
8653,1,8
8654,3,2
8655,9,8
8656,7,7
8657,6,6
8658,3,3
8659,2,4
8660,3,7
8661,6,2
8662,3,3
8663,1,1
8664,5,5
8665,9,3
8666,0,0
8667,3,4
8668,2,3
8669,3,4
8670,5,9
8671,3,4
8672,3,7
8673,9,9
8674,8,1
8675,7,7
8676,8,8
8677,3,3
8678,0,1
8679,1,8
8680,4,3
8681,6,2
8682,3,5
8683,7,7
8684,2,2
8685,7,7
8686,8,9
8687,6,6
8688,8,8
8689,6,6
8690,8,8
8691,9,6
8692,4,5
8693,9,9
8694,0,0
8695,4,4
8696,8,8
8697,5,5
8698,6,6
8699,5,4
8700,5,3
8701,1,8
8702,8,0
8703,4,4
8704,8,8
8705,6,6
8706,7,7
8707,0,2
8708,4,7
8709,1,1
8710,7,7
8711,6,4
8712,1,1
8713,6,2
8714,4,4
8715,2,2
8716,0,2
8717,8,8
8718,7,7
8719,8,2
8720,0,2
8721,1,6
8722,5,7
8723,4,5
8724,1,6
8725,9,8
8726,9,9
8727,0,9
8728,1,6
8729,3,5
8730,6,2
8731,1,9
8732,8,8
8733,7,7
8734,2,2
8735,3,3
8736,4,3
8737,5,7
8738,4,4
8739,3,3
8740,5,2
8741,1,1
8742,1,9
8743,8,0
8744,1,1
8745,5,5
8746,9,3
8747,6,2
8748,5,6
8749,3,5
8750,9,9
8751,1,1
8752,7,5
8753,2,4
8754,3,3
8755,6,6
8756,6,2
8757,6,8
8758,7,9
8759,5,7
8760,1,8
8761,8,0
8762,8,8
8763,9,9
8764,5,1
8765,4,2
8766,5,5
8767,2,7
8768,6,2
8769,0,0
8770,3,6
8771,6,6
8772,1,1
8773,2,6
8774,3,3
8775,1,1
8776,5,5
8777,0,0
8778,0,3
8779,3,7
8780,8,4
8781,4,6
8782,5,5
8783,6,6
8784,4,4
8785,8,8
8786,3,3
8787,2,4
8788,5,5
8789,5,5
8790,3,0
8791,6,6
8792,6,6
8793,7,7
8794,3,5
8795,0,0
8796,8,9
8797,9,9
8798,6,6
8799,4,1
8800,0,0
8801,3,4
8802,1,6
8803,3,3
8804,7,6
8805,9,9
8806,4,3
8807,6,6
8808,6,6
8809,5,8
8810,2,2
8811,7,1
8812,0,0
8813,0,1
8814,1,9
8815,5,3
8816,4,7
8817,5,4
8818,3,3
8819,0,0
8820,2,2
8821,2,7
8822,6,6
8823,4,4
8824,1,3
8825,1,0
8826,8,8
8827,8,2
8828,3,0
8829,0,0
8830,9,9
8831,6,6
8832,6,6
8833,6,6
8834,8,8
8835,1,7
8836,4,4
8837,1,1
8838,8,8
8839,1,1
8840,5,2
8841,0,2
8842,6,4
8843,7,8
8844,5,5
8845,2,2
8846,6,6
8847,4,5
8848,3,3
8849,9,9
8850,1,1
8851,0,0
8852,7,7
8853,2,2
8854,0,4
8855,4,4
8856,0,0
8857,7,0
8858,4,6
8859,2,2
8860,2,2
8861,1,4
8862,0,0
8863,4,5
8864,1,9
8865,4,7
8866,1,1
8867,8,8
8868,9,4
8869,5,5
8870,3,5
8871,9,9
8872,0,8
8873,5,5
8874,6,7
8875,1,8
8876,9,0
8877,9,9
8878,7,8
8879,0,9
8880,6,1
8881,6,6
8882,3,3
8883,1,8
8884,0,0
8885,3,3
8886,5,4
8887,4,4
8888,8,8
8889,4,4
8890,8,8
8891,1,9
8892,0,8
8893,6,6
8894,0,0
8895,0,0
8896,8,8
8897,2,2
8898,0,7
8899,4,4
8900,7,2
8901,7,5
8902,6,6
8903,0,0
8904,5,5
8905,1,8
8906,7,4
8907,6,1
8908,9,9
8909,0,0
8910,1,1
8911,4,4
8912,9,4
8913,8,8
8914,6,4
8915,9,9
8916,6,6
8917,0,0
8918,7,7
8919,7,7
8920,6,6
8921,8,8
8922,9,9
8923,2,6
8924,2,2
8925,0,0
8926,4,4
8927,9,9
8928,2,4
8929,1,9
8930,3,3
8931,9,9
8932,2,6
8933,6,6
8934,3,7
8935,0,0
8936,3,9
8937,5,7
8938,3,1
8939,3,8
8940,7,6
8941,0,0
8942,6,6
8943,3,7
8944,9,4
8945,3,1
8946,8,9
8947,4,4
8948,3,6
8949,7,7
8950,9,9
8951,8,8
8952,3,3
8953,9,9
8954,6,2
8955,3,1
8956,0,2
8957,7,7
8958,6,6
8959,1,1
8960,0,0
8961,8,0
8962,6,5
8963,6,6
8964,8,0
8965,4,4
8966,4,3
8967,2,2
8968,8,8
8969,8,8
8970,0,0
8971,6,6
8972,0,9
8973,5,5
8974,2,2
8975,1,8
8976,7,7
8977,0,0
8978,6,6
8979,5,5
8980,9,9
8981,4,7
8982,2,2
8983,7,3
8984,4,6
8985,8,9
8986,6,6
8987,2,2
8988,2,2
8989,4,4
8990,1,1
8991,8,0
8992,5,5
8993,0,0
8994,8,8
8995,8,9
8996,7,3
8997,5,5
8998,9,9
8999,3,3
9000,8,8
9001,1,1
9002,6,6
9003,3,3
9004,7,7
9005,5,5
9006,6,6
9007,2,2
9008,0,0
9009,5,2
9010,8,8
9011,2,2
9012,1,8
9013,7,7
9014,3,7
9015,8,8
9016,1,1
9017,0,0
9018,2,8
9019,9,9
9020,7,7
9021,0,0
9022,3,3
9023,8,8
9024,0,0
9025,5,5
9026,9,9
9027,3,5
9028,8,8
9029,9,4
9030,2,2
9031,8,0
9032,8,9
9033,5,2
9034,4,2
9035,7,4
9036,4,4
9037,1,9
9038,6,2
9039,6,2
9040,2,2
9041,3,5
9042,1,1
9043,8,3
9044,2,2
9045,0,0
9046,0,0
9047,7,4
9048,9,0
9049,6,6
9050,3,5
9051,8,8
9052,0,0
9053,5,5
9054,8,8
9055,6,6
9056,2,4
9057,8,8
9058,5,5
9059,5,2
9060,9,9
9061,7,7
9062,9,9
9063,7,7
9064,9,1
9065,0,0
9066,1,1
9067,9,9
9068,6,6
9069,9,9
9070,2,2
9071,9,7
9072,9,9
9073,4,4
9074,4,4
9075,0,0
9076,6,6
9077,6,2
9078,7,4
9079,0,1
9080,2,3
9081,7,7
9082,2,2
9083,8,8
9084,5,5
9085,0,9
9086,0,0
9087,3,3
9088,6,2
9089,3,3
9090,4,2
9091,7,7
9092,1,6
9093,3,3
9094,2,2
9095,5,5
9096,1,9
9097,9,0
9098,5,5
9099,1,9
9100,1,9
9101,8,8
9102,7,7
9103,4,7
9104,7,4
9105,8,8
9106,4,6
9107,4,5
9108,2,2
9109,3,3
9110,6,1
9111,0,0
9112,7,4
9113,1,1
9114,4,8
9115,8,8
9116,4,4
9117,9,9
9118,7,4
9119,4,4
9120,9,3
9121,5,3
9122,9,9
9123,3,2
9124,0,0
9125,1,1
9126,1,1
9127,8,8
9128,3,4
9129,4,4
9130,8,8
9131,5,3
9132,3,2
9133,8,9
9134,5,5
9135,7,7
9136,2,6
9137,4,2
9138,5,5
9139,9,4
9140,9,7
9141,1,3
9142,0,3
9143,0,9
9144,0,0
9145,1,1
9146,5,5
9147,9,9
9148,5,3
9149,1,7
9150,6,6
9151,0,0
9152,4,4
9153,2,2
9154,2,2
9155,5,5
9156,6,6
9157,3,3
9158,0,8
9159,7,9
9160,4,5
9161,6,6
9162,1,1
9163,2,4
9164,5,5
9165,0,4
9166,6,6
9167,7,7
9168,0,2
9169,8,1
9170,0,0
9171,2,2
9172,9,0
9173,0,4
9174,1,9
9175,8,8
9176,4,8
9177,9,9
9178,1,1
9179,1,1
9180,5,5
9181,0,0
9182,0,0
9183,8,8
9184,7,7
9185,1,1
9186,7,7
9187,4,4
9188,5,5
9189,7,4
9190,9,3
9191,3,3
9192,2,2
9193,0,0
9194,6,6
9195,6,6
9196,0,0
9197,1,1
9198,3,3
9199,9,9
9200,8,8
9201,6,3
9202,7,7
9203,8,8
9204,9,9
9205,4,4
9206,0,8
9207,6,9
9208,0,0
9209,1,9
9210,5,7
9211,4,1
9212,6,6
9213,2,2
9214,9,9
9215,5,5
9216,1,6
9217,1,9
9218,5,3
9219,9,9
9220,8,8
9221,4,7
9222,7,7
9223,3,1
9224,6,6
9225,1,5
9226,1,3
9227,7,1
9228,3,3
9229,1,1
9230,8,2
9231,6,7
9232,1,1
9233,9,8
9234,6,2
9235,2,0
9236,9,9
9237,3,7
9238,9,9
9239,8,8
9240,8,8
9241,6,6
9242,7,7
9243,5,3
9244,7,7
9245,1,1
9246,3,3
9247,9,9
9248,9,0
9249,9,9
9250,5,3
9251,6,6
9252,4,7
9253,8,2
9254,7,7
9255,3,3
9256,0,0
9257,3,5
9258,9,9
9259,7,7
9260,3,5
9261,5,5
9262,3,0
9263,6,6
9264,5,5
9265,1,1
9266,8,8
9267,4,2
9268,7,7
9269,3,5
9270,9,9
9271,0,0
9272,0,0
9273,2,0
9274,0,8
9275,9,8
9276,7,7
9277,5,3
9278,7,7
9279,8,8
9280,9,9
9281,9,3
9282,3,7
9283,9,9
9284,7,7
9285,9,8
9286,0,7
9287,1,9
9288,9,8
9289,5,5
9290,4,4
9291,8,8
9292,7,3
9293,7,7
9294,3,6
9295,3,3
9296,8,8
9297,2,2
9298,1,1
9299,9,9
9300,6,5
9301,3,7
9302,3,3
9303,9,9
9304,8,5
9305,5,5
9306,6,8
9307,7,7
9308,3,3
9309,6,5
9310,6,3
9311,3,5
9312,9,9
9313,3,7
9314,6,6
9315,4,7
9316,6,3
9317,6,6
9318,4,4
9319,2,3
9320,9,9
9321,4,4
9322,3,2
9323,1,1
9324,3,9
9325,2,6
9326,0,0
9327,3,2
9328,6,6
9329,7,7
9330,4,4
9331,7,7
9332,9,9
9333,0,0
9334,9,7
9335,9,4
9336,5,3
9337,3,5
9338,9,3
9339,3,1
9340,1,1
9341,0,2
9342,6,6
9343,1,8
9344,8,2
9345,9,1
9346,5,7
9347,8,8
9348,5,5
9349,0,9
9350,6,6
9351,1,1
9352,1,1
9353,4,5
9354,0,0
9355,6,6
9356,0,0
9357,9,9
9358,9,2
9359,6,6
9360,5,5
9361,8,8
9362,9,9
9363,3,5
9364,5,5
9365,6,6
9366,1,2
9367,1,9
9368,9,1
9369,4,5
9370,3,8
9371,8,8
9372,7,7
9373,1,1
9374,7,7
9375,6,3
9376,3,5
9377,4,4
9378,9,9
9379,7,7
9380,3,5
9381,2,2
9382,9,9
9383,8,9
9384,4,4
9385,7,7
9386,4,4
9387,1,1
9388,5,3
9389,1,8
9390,7,7
9391,9,9
9392,0,0
9393,6,4
9394,5,5
9395,7,7
9396,5,5
9397,6,2
9398,1,8
9399,7,7
9400,6,6
9401,1,9
9402,6,6
9403,7,9
9404,6,3
9405,8,8
9406,5,5
9407,4,6
9408,6,6
9409,1,9
9410,5,5
9411,7,7
9412,8,8
9413,0,0
9414,3,5
9415,2,0
9416,7,7
9417,7,4
9418,9,8
9419,5,2
9420,5,5
9421,9,1
9422,3,3
9423,8,2
9424,2,2
9425,6,6
9426,4,2
9427,1,1
9428,3,7
9429,5,4
9430,6,6
9431,5,3
9432,1,1
9433,3,3
9434,8,7
9435,5,2
9436,1,1
9437,3,3
9438,9,7
9439,0,0
9440,8,8
9441,4,4
9442,4,4
9443,4,5
9444,7,7
9445,7,9
9446,3,5
9447,3,4
9448,7,3
9449,8,9
9450,6,6
9451,8,8
9452,6,2
9453,3,3
9454,6,3
9455,1,1
9456,6,6
9457,1,1
9458,7,7
9459,2,0
9460,3,3
9461,6,4
9462,0,2
9463,9,9
9464,4,4
9465,7,5
9466,8,8
9467,1,2
9468,7,7
9469,0,0
9470,9,9
9471,6,6
9472,8,8
9473,0,0
9474,8,8
9475,2,2
9476,8,8
9477,5,5
9478,7,7
9479,7,7
9480,5,2
9481,2,2
9482,0,0
9483,1,0
9484,7,0
9485,7,7
9486,8,4
9487,1,1
9488,3,6
9489,6,6
9490,9,8
9491,8,8
9492,9,9
9493,0,0
9494,9,9
9495,0,0
9496,1,1
9497,6,3
9498,6,3
9499,0,0
9500,3,9
9501,0,6
9502,6,6
9503,4,2
9504,4,6
9505,3,3
9506,1,4
9507,0,0
9508,8,8
9509,6,4
9510,1,1
9511,4,4
9512,0,0
9513,5,6
9514,1,5
9515,1,0
9516,9,9
9517,9,9
9518,4,9
9519,9,9
9520,1,1
9521,4,2
9522,3,3
9523,5,5
9524,4,4
9525,2,2
9526,9,9
9527,3,6
9528,4,0
9529,9,9
9530,6,6
9531,6,6
9532,8,8
9533,0,0
9534,2,6
9535,9,1
9536,3,4
9537,6,6
9538,9,8
9539,0,0
9540,5,5
9541,4,4
9542,9,1
9543,2,2
9544,0,0
9545,1,9
9546,6,6
9547,4,4
9548,0,2
9549,4,4
9550,4,6
9551,5,5
9552,8,9
9553,3,7
9554,7,7
9555,7,4
9556,6,6
9557,5,5
9558,0,0
9559,9,1
9560,9,9
9561,9,0
9562,3,3
9563,3,1
9564,9,9
9565,0,0
9566,9,9
9567,5,7
9568,8,8
9569,6,6
9570,7,7
9571,6,6
9572,8,8
9573,2,2
9574,4,4
9575,5,5
9576,0,3
9577,0,0
9578,3,3
9579,6,2
9580,1,1
9581,7,7
9582,2,5
9583,0,9
9584,3,3
9585,4,4
9586,5,5
9587,9,7
9588,8,1
9589,8,5
9590,0,0
9591,1,1
9592,1,1
9593,7,1
9594,9,9
9595,7,7
9596,5,5
9597,5,4
9598,9,9
9599,7,7
9600,8,8
9601,5,1
9602,1,0
9603,7,2
9604,9,8
9605,5,5
9606,6,6
9607,4,7
9608,0,0
9609,6,1
9610,8,4
9611,8,8
9612,0,4
9613,2,4
9614,6,6
9615,6,6
9616,6,5
9617,8,8
9618,1,1
9619,8,8
9620,4,4
9621,6,6
9622,7,5
9623,9,9
9624,4,2
9625,0,2
9626,3,1
9627,2,4
9628,9,9
9629,1,1
9630,6,6
9631,7,7
9632,2,2
9633,0,0
9634,1,1
9635,6,7
9636,6,6
9637,4,5
9638,2,2
9639,2,2
9640,2,5
9641,2,6
9642,0,0
9643,9,9
9644,0,0
9645,1,1
9646,4,5
9647,2,3
9648,3,3
9649,3,5
9650,8,8
9651,7,7
9652,2,5
9653,6,6
9654,5,5
9655,8,8
9656,8,0
9657,3,5
9658,9,9
9659,4,4
9660,1,6
9661,5,5
9662,1,1
9663,1,1
9664,8,0
9665,5,3
9666,4,3
9667,9,9
9668,7,4
9669,8,8
9670,9,1
9671,7,7
9672,7,7
9673,1,9
9674,9,9
9675,6,4
9676,5,3
9677,6,6
9678,9,3
9679,2,2
9680,8,8
9681,2,2
9682,7,7
9683,6,6
9684,7,7
9685,0,0
9686,5,2
9687,1,1
9688,2,2
9689,9,9
9690,4,4
9691,6,6
9692,8,9
9693,6,6
9694,1,1
9695,0,0
9696,0,1
9697,8,8
9698,7,7
9699,0,0
9700,0,0
9701,4,4
9702,7,7
9703,4,4
9704,7,2
9705,6,6
9706,9,9
9707,7,5
9708,9,9
9709,9,0
9710,7,7
9711,4,4
9712,5,5
9713,8,8
9714,1,1
9715,3,4
9716,2,7
9717,9,9
9718,9,9
9719,8,8
9720,9,8
9721,6,6
9722,1,3
9723,7,7
9724,0,0
9725,1,8
9726,9,9
9727,8,6
9728,2,2
9729,6,4
9730,6,6
9731,6,2
9732,9,9
9733,7,7
9734,7,4
9735,5,6
9736,0,8
9737,7,5
9738,4,6
9739,5,1
9740,6,3
9741,3,5
9742,1,9
9743,9,9
9744,5,1
9745,3,3
9746,0,2
9747,0,0
9748,7,3
9749,0,0
9750,6,2
9751,6,0
9752,7,7
9753,3,3
9754,9,9
9755,6,3
9756,3,5
9757,2,7
9758,6,6
9759,5,5
9760,9,9
9761,5,5
9762,6,6
9763,1,1
9764,0,2
9765,4,4
9766,0,0
9767,4,2
9768,7,7
9769,8,8
9770,6,4
9771,4,4
9772,0,0
9773,3,9
9774,3,5
9775,9,9
9776,6,2
9777,9,9
9778,5,3
9779,4,2
9780,4,4
9781,3,3
9782,1,2
9783,6,2
9784,8,8
9785,8,8
9786,6,6
9787,8,8
9788,1,1
9789,7,6
9790,8,8
9791,6,9
9792,1,8
9793,6,2
9794,0,1
9795,2,4
9796,9,9
9797,1,1
9798,5,5
9799,7,7
9800,1,1
9801,8,6
9802,0,0
9803,3,1
9804,5,5
9805,0,2
9806,8,8
9807,9,1
9808,1,1
9809,5,3
9810,9,8
9811,6,1
9812,1,3
9813,1,1
9814,8,8
9815,2,5
9816,8,1
9817,1,9
9818,8,0
9819,3,3
9820,9,0
9821,4,4
9822,0,0
9823,5,5
9824,7,1
9825,2,2
9826,0,0
9827,2,4
9828,9,9
9829,5,5
9830,1,1
9831,2,2
9832,4,2
9833,7,7
9834,8,8
9835,6,7
9836,2,2
9837,4,4
9838,5,5
9839,6,3
9840,7,4
9841,0,0
9842,6,6
9843,1,1
9844,5,5
9845,9,9
9846,8,8
9847,8,0
9848,0,2
9849,0,0
9850,4,7
9851,2,6
9852,0,0
9853,2,5
9854,5,9
9855,7,7
9856,5,5
9857,1,0
9858,4,4
9859,3,6
9860,3,0
9861,6,6
9862,6,3
9863,6,6
9864,7,8
9865,1,1
9866,9,1
9867,8,8
9868,9,9
9869,7,7
9870,2,2
9871,9,9
9872,9,0
9873,2,2
9874,2,2
9875,6,9
9876,0,0
9877,6,6
9878,7,5
9879,7,7
9880,7,7
9881,1,9
9882,9,1
9883,1,7
9884,9,9
9885,8,8
9886,6,4
9887,5,5
9888,7,0
9889,8,8
9890,0,0
9891,3,2
9892,3,5
9893,6,2
9894,1,1
9895,7,4
9896,4,4
9897,8,8
9898,0,9
9899,7,7
9900,8,8
9901,1,3
9902,6,6
9903,6,6
9904,0,0
9905,1,1
9906,8,1
9907,9,1
9908,8,8
9909,1,1
9910,7,4
9911,8,4
9912,9,0
9913,7,7
9914,8,8
9915,2,2
9916,1,1
9917,0,2
9918,7,5
9919,7,4
9920,6,6
9921,8,0
9922,5,5
9923,1,7
9924,0,4
9925,4,4
9926,3,3
9927,9,9
9928,1,5
9929,8,8
9930,8,8
9931,0,0
9932,8,8
9933,3,7
9934,7,4
9935,1,1
9936,8,8
9937,3,4
9938,9,9
9939,5,5
9940,3,4
9941,1,1
9942,7,7
9943,1,7
9944,7,7
9945,7,7
9946,0,0
9947,3,3
9948,8,8
9949,3,3
9950,7,3
9951,0,0
9952,5,5
9953,6,7
9954,0,0
9955,8,8
9956,2,0
9957,0,0
9958,1,9
9959,3,2
9960,0,2
9961,3,3
9962,2,4
9963,8,8
9964,4,2
9965,2,2
9966,6,6
9967,1,3
9968,2,3
9969,3,6
9970,2,2
9971,9,9
9972,4,4
9973,8,0
9974,9,1
9975,7,7
9976,5,5
9977,5,5
9978,7,7
9979,6,3
9980,0,0
9981,4,4
9982,4,2
9983,1,0
9984,4,7
9985,3,5
9986,8,8
9987,0,0
9988,0,8
9989,4,2
9990,7,7
9991,0,0
9992,3,3
9993,3,5
9994,3,3
9995,3,8
9996,3,3
9997,5,5
9998,2,1
9999,7,7
